id,title,url,source,published_at,snippet,text,canonical_url,domain,normalized_title,dedup_text,source_quality,content_length,allow_hits,deny_hits,relevance,candidate_score,noise_reason,is_candidate,detected_category
rss-банк-россии-—-новости-1,Условия проведения Банком России депозитных операций постоянного действия,https://www.cbr.ru/DKP/depfNew/,Банк России — новости,2026-05-13,,,https://cbr.ru/DKP/depfNew,cbr.ru,условия проведения банком россии депозитных операций постоянного действия,условия проведения банком россии депозитных операций постоянного действия,1.0,1,"['банк', 'депозит']",[],3.1,62.0,too little content to verify,False,banking_product
rss-банк-россии-—-новости-2,"Информация о ценных бумагах, принимаемых в обеспечение по кредитам Банка России на 13.05.2026",https://www.cbr.ru/hd_base/BankPapers/,Банк России — новости,2026-05-12,,,https://cbr.ru/hd_base/BankPapers,cbr.ru,информация о ценных бумагах принимаемых в обеспечение по кредитам банка россии на 13 05 2026,информация о ценных бумагах принимаемых в обеспечение по кредитам банка россии на 13 05 2026,1.0,1,"['банк', 'кредит']",[],3.1,62.0,too little content to verify,False,banking_product
rss-банк-россии-—-новости-3,Финансовые активы и обязательства домашних хозяйств по отдельным финансовым инструментам,https://www.cbr.ru/statistics/macro_itm/households/#a_135596page,Банк России — новости,2026-05-12,,,https://cbr.ru/statistics/macro_itm/households,cbr.ru,финансовые активы и обязательства домашних хозяйств по отдельным финансовым инструментам,финансовые активы и обязательства домашних хозяйств по отдельным финансовым инструментам,1.0,1,[],[],2.0,40.0,too few fintech/product signals,False,other
rss-банк-россии-—-новости-4,Операции сектора «Домашние хозяйства» с финансовыми активами и обязательствами по отдельным финансовым инструментам (ежемесячные данные),https://www.cbr.ru/statistics/macro_itm/households/#a_133183,Банк России — новости,2026-05-12,,,https://cbr.ru/statistics/macro_itm/households,cbr.ru,операции сектора домашние хозяйства с финансовыми активами и обязательствами по отдельным финансовым инструментам ежемесячные данные,операции сектора домашние хозяйства с финансовыми активами и обязательствами по отдельным финансовым инструментам ежемесячные данные,1.0,1,[],[],2.0,40.0,too few fintech/product signals,False,other
rss-банк-россии-—-новости-5,Финансовые активы и обязательства сектора «Домашние хозяйства» по отдельным финансовым инструментам (ежемесячные данные),https://www.cbr.ru/statistics/macro_itm/households/#a_133181,Банк России — новости,2026-05-12,,,https://cbr.ru/statistics/macro_itm/households,cbr.ru,финансовые активы и обязательства сектора домашние хозяйства по отдельным финансовым инструментам ежемесячные данные,финансовые активы и обязательства сектора домашние хозяйства по отдельным финансовым инструментам ежемесячные данные,1.0,1,[],[],2.0,40.0,too few fintech/product signals,False,other
rss-банк-россии-—-новости-6,Интерактивное представление актуальных статистических данных по процентным ставкам по кредитам и депозитам,https://www.cbr.ru/statistics/bank_sector/int_rat/#a_112763,Банк России — новости,2026-05-12,,,https://cbr.ru/statistics/bank_sector/int_rat,cbr.ru,интерактивное представление актуальных статистических данных по процентным ставкам по кредитам и депозитам,интерактивное представление актуальных статистических данных по процентным ставкам по кредитам и депозитам,1.0,1,"['депозит', 'кредит']",[],3.1,62.0,too little content to verify,False,banking_product
rss-банк-россии-—-новости-7,Обзор рисков финансовых рынков за апрель 2026 года,https://www.cbr.ru/analytics/finstab/orfr/#a_50194,Банк России — новости,2026-05-12,,,https://cbr.ru/analytics/finstab/orfr,cbr.ru,обзор рисков финансовых рынков за апрель 2026 года,обзор рисков финансовых рынков за апрель 2026 года,1.0,1,['риск'],[],2.55,51.0,too little content to verify,False,fraud_risk
rss-банк-россии-—-новости-8,Процентные ставки по кредитным и депозитным операциям кредитных организаций в рублях за март 2026 года. Краткий комментарий,https://www.cbr.ru/statistics/bank_sector/int_rat/#a_131105,Банк России — новости,2026-05-12,,,https://cbr.ru/statistics/bank_sector/int_rat,cbr.ru,процентные ставки по кредитным и депозитным операциям кредитных организаций в рублях за март 2026 года краткий комментарий,процентные ставки по кредитным и депозитным операциям кредитных организаций в рублях за март 2026 года краткий комментарий,1.0,1,"['депозит', 'кредит']",[],3.1,62.0,too little content to verify,False,banking_product
rss-банк-россии-—-новости-9,Процентные ставки по кредитам и депозитам и структура кредитов и депозитов по срочности,https://www.cbr.ru/statistics/bank_sector/int_rat/,Банк России — новости,2026-05-12,,,https://cbr.ru/statistics/bank_sector/int_rat,cbr.ru,процентные ставки по кредитам и депозитам и структура кредитов и депозитов по срочности,процентные ставки по кредитам и депозитам и структура кредитов и депозитов по срочности,1.0,1,"['депозит', 'кредит']",[],3.1,62.0,too little content to verify,False,banking_product
rss-банк-россии-—-новости-10,Интерактивное представление актуальных статистических данных,https://www.cbr.ru/statistics/macro_itm/svs/interactive/,Банк России — новости,2026-05-12,,,https://cbr.ru/statistics/macro_itm/svs/interactive,cbr.ru,интерактивное представление актуальных статистических данных,интерактивное представление актуальных статистических данных,1.0,1,[],[],2.0,40.0,too few fintech/product signals,False,other
rss-банк-россии-—-новости-11,Инсайдерская информация Банка России,https://www.cbr.ru/analytics/insideinfo/,Банк России — новости,2026-05-12,,,https://cbr.ru/analytics/insideinfo,cbr.ru,инсайдерская информация банка россии,инсайдерская информация банка россии,1.0,1,['банк'],[],2.55,51.0,too few fintech/product signals,False,other
rss-банк-россии-—-новости-12,Вмененная ставка валютного свопа овернайт в юанях,https://www.cbr.ru/hd_base/impliedratecny/,Банк России — новости,2026-05-12,,,https://cbr.ru/hd_base/impliedratecny,cbr.ru,вмененная ставка валютного свопа овернайт в юанях,вмененная ставка валютного свопа овернайт в юанях,1.0,1,[],[],2.0,40.0,too few fintech/product signals,False,other
rss-банк-россии-—-новости-13,Ставки группы MIACR,https://www.cbr.ru/hd_base/mkr/mkr_base/,Банк России — новости,2026-05-12,,,https://cbr.ru/hd_base/mkr/mkr_base,cbr.ru,ставки группы miacr,ставки группы miacr,1.0,1,[],[],2.0,40.0,too few fintech/product signals,False,other
rss-банк-россии-—-новости-14,Индекс и срочная версия RUONIA,https://www.cbr.ru/hd_base/ruonia/sv_ruonia/,Банк России — новости,2026-05-12,,,https://cbr.ru/hd_base/ruonia/sv_ruonia,cbr.ru,индекс и срочная версия ruonia,индекс и срочная версия ruonia,1.0,1,[],[],2.0,40.0,too few fintech/product signals,False,other
rss-банк-россии-—-новости-15,Ставка RUONIA,https://www.cbr.ru/hd_base/ruonia/,Банк России — новости,2026-05-12,,,https://cbr.ru/hd_base/ruonia,cbr.ru,ставка ruonia,ставка ruonia,1.0,1,[],[],2.0,40.0,too few fintech/product signals,False,other
rss-банк-россии-—-события-1,Новые вложения розничных инвесторов в корпоративные облигации достигли исторического пика,https://www.cbr.ru/press/event/?id=28534,Банк России — события,2026-05-12,,,https://cbr.ru/press/event?id=28534,cbr.ru,новые вложения розничных инвесторов в корпоративные облигации достигли исторического пика,новые вложения розничных инвесторов в корпоративные облигации достигли исторического пика,1.0,1,[],[],2.0,40.0,too few fintech/product signals,False,other
rss-банк-россии-—-события-2,"Количество жалоб на банки и страховщиков снизилось, на МФО – выросло: итоги I квартала",https://www.cbr.ru/press/event/?id=28531,Банк России — события,2026-05-08,,,https://cbr.ru/press/event?id=28531,cbr.ru,количество жалоб на банки и страховщиков снизилось на мфо выросло итоги i квартала,количество жалоб на банки и страховщиков снизилось на мфо выросло итоги i квартала,1.0,1,"['банк', 'банки']",[],3.1,62.0,too little content to verify,False,other
rss-банк-россии-—-события-3,Качество обслуживания новых ипотечных кредитов улучшается,https://www.cbr.ru/press/event/?id=28528,Банк России — события,2026-05-08,,,https://cbr.ru/press/event?id=28528,cbr.ru,качество обслуживания новых ипотечных кредитов улучшается,качество обслуживания новых ипотечных кредитов улучшается,1.0,1,['кредит'],[],2.55,51.0,too little content to verify,False,banking_product
rss-банк-россии-—-события-4,Мониторинг отраслевых финансовых потоков: платежи в апреле выросли,https://www.cbr.ru/press/event/?id=28526,Банк России — события,2026-05-07,,,https://cbr.ru/press/event?id=28526,cbr.ru,мониторинг отраслевых финансовых потоков платежи в апреле выросли,мониторинг отраслевых финансовых потоков платежи в апреле выросли,1.0,1,"['платеж', 'платежи']",[],3.1,62.0,too little content to verify,False,payments
rss-банк-россии-—-события-5,В реестр Банка России включена методология индикаторов нефтепродуктов,https://www.cbr.ru/press/event/?id=28527,Банк России — события,2026-05-07,,,https://cbr.ru/press/event?id=28527,cbr.ru,в реестр банка россии включена методология индикаторов нефтепродуктов,в реестр банка россии включена методология индикаторов нефтепродуктов,1.0,1,['банк'],[],2.55,51.0,too few fintech/product signals,False,other
rss-банк-россии-—-события-6,Банк России публикует Резюме обсуждения ключевой ставки по итогам заседания 24 апреля,https://www.cbr.ru/press/event/?id=28524,Банк России — события,2026-05-07,,,https://cbr.ru/press/event?id=28524,cbr.ru,банк россии публикует резюме обсуждения ключевой ставки по итогам заседания 24 апреля,банк россии публикует резюме обсуждения ключевой ставки по итогам заседания 24 апреля,1.0,1,"['банк', 'банк россии']",[],3.1,62.0,too little content to verify,False,regulation
rss-банк-россии-—-события-7,Рекордная доходность инвестиций НПФ: итоги 2025 года,https://www.cbr.ru/press/event/?id=28521,Банк России — события,2026-04-30,,,https://cbr.ru/press/event?id=28521,cbr.ru,рекордная доходность инвестиций нпф итоги 2025 года,рекордная доходность инвестиций нпф итоги 2025 года,1.0,1,[],[],2.0,40.0,too few fintech/product signals,False,other
rss-банк-россии-—-события-8,Банк России рекомендовал реструктурировать долги субъектов малого и среднего бизнеса в зоне чрезвычайной ситуации,https://www.cbr.ru/press/event/?id=28520,Банк России — события,2026-04-30,,,https://cbr.ru/press/event?id=28520,cbr.ru,банк россии рекомендовал реструктурировать долги субъектов малого и среднего бизнеса в зоне чрезвычайной ситуации,банк россии рекомендовал реструктурировать долги субъектов малого и среднего бизнеса в зоне чрезвычайной ситуации,1.0,1,"['банк', 'банк россии']",[],3.1,62.0,too little content to verify,False,regulation
rss-банк-россии-—-события-9,За 2025 год МФО выдали бизнесу займы почти на 150 млрд рублей,https://www.cbr.ru/press/event/?id=28519,Банк России — события,2026-04-29,,,https://cbr.ru/press/event?id=28519,cbr.ru,за 2025 год мфо выдали бизнесу займы почти на 150 млрд рублей,за 2025 год мфо выдали бизнесу займы почти на 150 млрд рублей,1.0,1,[],[],2.0,40.0,too few fintech/product signals,False,other
rss-банк-россии-—-события-10,Обзор банковского регулирования: ближайшие планы и реализованные инициативы,https://www.cbr.ru/press/event/?id=28518,Банк России — события,2026-04-27,,,https://cbr.ru/press/event?id=28518,cbr.ru,обзор банковского регулирования ближайшие планы и реализованные инициативы,обзор банковского регулирования ближайшие планы и реализованные инициативы,1.0,1,['банк'],[],2.55,51.0,too few fintech/product signals,False,other
rss-банк-россии-—-события-11,Инфляционные ожидания населения в апреле снизились,https://www.cbr.ru/press/event/?id=28513,Банк России — события,2026-04-27,,,https://cbr.ru/press/event?id=28513,cbr.ru,инфляционные ожидания населения в апреле снизились,инфляционные ожидания населения в апреле снизились,1.0,1,[],[],2.0,40.0,too few fintech/product signals,False,other
rss-банк-россии-—-события-12,Банк России расширяет возможности доступа к сводной информации об участниках финансового рынка,https://www.cbr.ru/press/event/?id=28345,Банк России — события,2026-04-27,,,https://cbr.ru/press/event?id=28345,cbr.ru,банк россии расширяет возможности доступа к сводной информации об участниках финансового рынка,банк россии расширяет возможности доступа к сводной информации об участниках финансового рынка,1.0,1,"['банк', 'банк россии']",[],3.1,62.0,too little content to verify,False,regulation
rss-банк-россии-—-события-13,Интервью Елизаветы Даниловой журналу «Эксперт»,https://www.cbr.ru/press/event/?id=28511,Банк России — события,2026-04-27,,,https://cbr.ru/press/event?id=28511,cbr.ru,интервью елизаветы даниловой журналу эксперт,интервью елизаветы даниловой журналу эксперт,1.0,1,[],[],2.0,40.0,too few fintech/product signals,False,other
rss-банк-россии-—-события-14,Залог успешного IPO: рекомендации регуляторов,https://www.cbr.ru/press/event/?id=28505,Банк России — события,2026-04-27,,,https://cbr.ru/press/event?id=28505,cbr.ru,залог успешного ipo рекомендации регуляторов,залог успешного ipo рекомендации регуляторов,1.0,1,['регулятор'],[],2.55,51.0,too little content to verify,False,regulation
rss-банк-россии-—-события-15,"Денежная масса в марте снизилась, рост кредита экономике замедлился",https://www.cbr.ru/press/event/?id=28510,Банк России — события,2026-04-27,,,https://cbr.ru/press/event?id=28510,cbr.ru,денежная масса в марте снизилась рост кредита экономике замедлился,денежная масса в марте снизилась рост кредита экономике замедлился,1.0,1,['кредит'],[],2.55,51.0,too little content to verify,False,banking_product
rss-банк-россии-—-пресс-релизы-1,Результаты мониторинга максимальных процентных ставок кредитных организаций (05.05.2026),https://www.cbr.ru/press/PR/?file=639136022418984549BANK_SECTOR.htm,Банк России — пресс-релизы,2026-05-05,"Результаты мониторинга в апреле 2026 года максимальных процентных ставок по вкладам 1 в российских рублях десяти кредитных организаций 2 , привлекающих наибольший объём депозитов физических лиц: I декада апреля – 13,43%; II декада апреля – 13,39%; III декада апреля – 13,06%. Сведения о динамике результатов мониторинга представлены на официальном сайте Банка России. Сведения о средних максимальных процентных ставках по вкладам по срокам привлечения приводятся справочно 3 . 1 При определении максимальной процентной ставки по каждой кредитной организации: – учитываются максимальные ставки по вкладам, доступным любому клиенту (в том числе потенциальному) без ограничений и предварительных условий. Вклады для выделенных категорий клиентов (пенсионеры, дети) и целей (на социальные и гуманитарные цели и т.п.) не рассматриваются; – не учитываются ставки с капитализацией процентов по вкладу; – не учитываются ставки, действующие при соблюдении определенных условий (регулярный оборот по банковской карте, постоянный неснижаемый остаток на банковской карте и т.п.); – не рассматриваются комбинированные депозитные продукты, т.е. вклады с дополнительными условиями. Такими дополнительными условиями начисления повышенной процентной ставки могут быть, например, приобретение инвестиционных паев на определенную сумму, открытие инвестиционного счета, оформление программы инвестиционного или накопительного страхования жизни, подключение дополнительного пакета услуг и т.п.; – не рассматриваются вклады, срок которых разделен на периоды с различными ставками. Индикатор средней максимальной процентной ставки рассчитывается как средняя арифметическая максимальных процентных ставок 10 кредитных организаций. 2 ПАО Сбербанк (1481) – www.sberbank.ru, Банк ВТБ (ПАО) (1000) – www.vtb.ru, Банк ГПБ (АО) (354) – www.gazprombank.ru, АО «Альфа-Банк» (1326) – alfabank.ru, АО «Россельхозбанк» (3349) – www.rshb.ru, АО «Банк Дом.РФ» (2312) – domrfbank.ru, ПАО «Московский кредитный банк» (1978) – mkb.ru, АО «ТБанк» (2673) – www.tbank.ru, ПАО «Промсвязьбанк» (3251) – psbank.ru, ПАО «Совкомбанк» (963) – sovcombank.ru. Мониторинг проведен Департаментом банковского регулирования и аналитики Банка России с использованием информации, представленной на указанных веб-сайтах. Публикуемый показатель является индикативным. 3 Средние максимальные процентные ставки по вкладам: на срок до 90 дней – 12,64%; на срок от 91 до 180 дней – 12,77%; на срок от 181 дня до 1 года – 12,50%; на срок свыше 1 года – 11,42%.","Результаты мониторинга в апреле 2026 года максимальных процентных ставок по вкладам 1 в российских рублях десяти кредитных организаций 2 , привлекающих наибольший объём депозитов физических лиц: I декада апреля – 13,43%; II декада апреля – 13,39%; III декада апреля – 13,06%. Сведения о динамике результатов мониторинга представлены на официальном сайте Банка России. Сведения о средних максимальных процентных ставках по вкладам по срокам привлечения приводятся справочно 3 . 1 При определении максимальной процентной ставки по каждой кредитной организации: – учитываются максимальные ставки по вкладам, доступным любому клиенту (в том числе потенциальному) без ограничений и предварительных условий. Вклады для выделенных категорий клиентов (пенсионеры, дети) и целей (на социальные и гуманитарные цели и т.п.) не рассматриваются; – не учитываются ставки с капитализацией процентов по вкладу; – не учитываются ставки, действующие при соблюдении определенных условий (регулярный оборот по банковской карте, постоянный неснижаемый остаток на банковской карте и т.п.); – не рассматриваются комбинированные депозитные продукты, т.е. вклады с дополнительными условиями. Такими дополнительными условиями начисления повышенной процентной ставки могут быть, например, приобретение инвестиционных паев на определенную сумму, открытие инвестиционного счета, оформление программы инвестиционного или накопительного страхования жизни, подключение дополнительного пакета услуг и т.п.; – не рассматриваются вклады, срок которых разделен на периоды с различными ставками. Индикатор средней максимальной процентной ставки рассчитывается как средняя арифметическая максимальных процентных ставок 10 кредитных организаций. 2 ПАО Сбербанк (1481) – www.sberbank.ru, Банк ВТБ (ПАО) (1000) – www.vtb.ru, Банк ГПБ (АО) (354) – www.gazprombank.ru, АО «Альфа-Банк» (1326) – alfabank.ru, АО «Россельхозбанк» (3349) – www.rshb.ru, АО «Банк Дом.РФ» (2312) – domrfbank.ru, ПАО «Московский кредитный банк» (1978) – mkb.ru, АО «ТБанк» (2673) – www.tbank.ru, ПАО «Промсвязьбанк» (3251) – psbank.ru, ПАО «Совкомбанк» (963) – sovcombank.ru. Мониторинг проведен Департаментом банковского регулирования и аналитики Банка России с использованием информации, представленной на указанных веб-сайтах. Публикуемый показатель является индикативным. 3 Средние максимальные процентные ставки по вкладам: на срок до 90 дней – 12,64%; на срок от 91 до 180 дней – 12,77%; на срок от 181 дня до 1 года – 12,50%; на срок свыше 1 года – 11,42%.",https://cbr.ru/press/PR?file=639136022418984549BANK_SECTOR.htm,cbr.ru,результаты мониторинга максимальных процентных ставок кредитных организаций 05 05 2026,результаты мониторинга максимальных процентных ставок кредитных организаций 05 05 2026 результаты мониторинга в апреле 2026 года максимальных процентных ставок по вкладам 1 в российских рублях десяти кредитных организаций 2 привлекающих наибольший объём депозитов физических лиц i декада апреля 13 43 ii декада апреля 13 39 iii декада апреля 13 06 сведения о динамике результатов мониторинга представлены на официальном сайте банка россии сведения о средних максимальных процентных ставках по вкладам по срокам привлечения приводятся справочно 3 1 при определении максимальной процентной ставки по каждой кредитной организации учитываются максимальные ставки по вкладам доступным любому клиенту в том числе потенциальному без ограничений и предварительных условий вклады для выделенных категорий клиентов пенсионеры дети и целей на социальные и гуманитарные цели и т п не рассматриваются не учитываются ставки с капитализацией процентов по вкладу не учитываются ставки действующие при соблюдении определенных условий регулярный оборот по банковской карте постоянный неснижаемый остаток на банковской карте и т п не рассматриваются комбинированные депозитные продукты т е вклады с дополнительными условиями такими дополнительными условиями начисления повышенной процентной ставки могут быть например приобретение инвестиционных паев на определенную сумму открытие инвестиционного счета оформление программы инвестиционного или накопительного страхования жизни подключение дополнительного пакета услуг и т п не рассматриваются вклады срок которых разделен на периоды с различными ставками индикатор средней максимальной процентной ставки рассчитывается как средняя арифметическая максимальных процентных ставок 10 кредитных организаций 2 пао сбербанк 1481 www sberbank ru банк втб пао 1000 www vtb ru банк гпб ао 354 www gazprombank ru ао альфа банк 1326 alfabank ru ао россельхозбанк 3349 www rshb ru ао банк дом рф 2312 domrfbank ru пао московский кредитный банк 1978 mkb ru ао тбанк 2673 www tbank ru пао промсвязьбанк 3251 psbank ru пао совкомбанк 963 sovcombank ru мониторинг проведен департаментом банковского регулирования и аналитики банка россии с использованием информации представленной на указанных веб сайтах публикуемый показатель является индикативным 3 средние максимальные процентные ставки по вкладам на срок до 90 дней 12 64 на срок от 91 до 180 дней 12 77 на срок от 181 дня до 1 года 12 50 на срок свыше 1 года 11 42,1.0,4993,"['bank', 'банк', 'вклад', 'депозит', 'кредит']",[],4.75,95.0,,True,banking_product
rss-банк-россии-—-пресс-релизы-2,Серия «Города трудовой доблести»: новые монеты (30.04.2026),https://www.cbr.ru/press/PR/?file=639130765586945500COINS.htm,Банк России — пресс-релизы,2026-04-30,"Банк России 4 мая 2026 года выпускает в обращение памятные монеты из недрагоценных металлов номиналом 10 рублей серии «Города трудовой доблести»: – «Барнаул», – «Каменск-Уральский», – «Киров», – «Коломна», – «Комсомольск-на-Амуре», – «Красноярск», – «Магадан», – «Пенза». Монеты имеют форму круга диаметром 22,0 мм. На лицевой и оборотной сторонах монет по окружности имеется выступающий кант. Боковая поверхность монет – прерывистое рифление с чередующимися участками, имеющими разное количество рифов. На лицевой стороне монет по окружности расположены надписи: в верхней части – «БАНК РОССИИ», в нижней части – «2026». Слева и справа расположены изображения ветви лавра и дуба соответственно. В центре расположены число «10» и надпись «РУБЛЕЙ» под ним, обозначающие номинал монеты. Внутри цифры «0» имеется защитный элемент в виде числа «10» и надписи «РУБ», наблюдаемых под разными углами зрения к плоскости монеты. В нижней части расположен товарный знак Московского монетного двора. На оборотной стороне: – монеты «Барнаул» (каталожный № 5714-0108) расположено рельефное изображение фрагмента художественного оформления стелы «Город трудовой доблести»; по окружности имеются надписи, вверху: «БАРНАУЛ», внизу, на ленте: «ГОРОДА ТРУДОВОЙ ДОБЛЕСТИ»; – монеты «Каменск-Уральский» (каталожный № 5714-0109) расположено рельефное изображение фрагмента художественного оформления стелы «Город трудовой доблести»; по окружности имеются надписи, вверху: «КАМЕНСК-УРАЛЬСКИЙ», внизу, на ленте: «ГОРОДА ТРУДОВОЙ ДОБЛЕСТИ»; – монеты «Киров» (каталожный № 5714-0110) расположено рельефное изображение фрагмента памятника «Кировчанам – труженикам тыла»; по окружности имеются надписи, вверху: «КИРОВ», внизу, на ленте: «ГОРОДА ТРУДОВОЙ ДОБЛЕСТИ»; – монеты «Коломна» (каталожный № 5714-0111) расположено рельефное изображение фрагмента художественного оформления стелы «Город трудовой доблести»; по окружности имеются надписи, вверху: «КОЛОМНА», внизу, на ленте: «ГОРОДА ТРУДОВОЙ ДОБЛЕСТИ»; – монеты «Комсомольск-на-Амуре» (каталожный № 5714-0112) расположено рельефное изображение фрагмента художественного оформления стелы «Город трудовой доблести»; по окружности имеются надписи, вверху: «КОМСОМОЛЬСК-НА-АМУРЕ», внизу, на ленте: «ГОРОДА ТРУДОВОЙ ДОБЛЕСТИ»; – монеты «Красноярск» (каталожный № 5714-0113) расположено рельефное изображение фрагмента мемориального комплекса в честь 70-летия Победы – скульптурной композиции «Женщина и мальчик-подросток, собирающие миномет»; по окружности имеются надписи, вверху: «КРАСНОЯРСК», внизу, на ленте: «ГОРОДА ТРУДОВОЙ ДОБЛЕСТИ»; – монеты «Магадан» (каталожный № 5714-0114) расположено рельефное изображение фрагмента художественного оформления стелы «Город трудовой доблести»; по окружности имеются надписи, вверху: «МАГАДАН», внизу, на ленте: «ГОРОДА ТРУДОВОЙ ДОБЛЕСТИ»; – монеты «Пенза» (каталожный № 5714-0115) расположено рельефное изображение фрагмента художественного оформления стелы «Город трудовой доблести»; по окружности имеются надписи, вверху: «ПЕНЗА», внизу, на ленте: «ГОРОДА ТРУДОВОЙ ДОБЛЕСТИ». Тираж монет – 1,0 млн штук каждая. Выпускаемые монеты являются законным средством наличного платежа на территории Российской Федерации и обязательны к приему по номиналу во все виды платежей без ограничений.","Банк России 4 мая 2026 года выпускает в обращение памятные монеты из недрагоценных металлов номиналом 10 рублей серии «Города трудовой доблести»: – «Барнаул», – «Каменск-Уральский», – «Киров», – «Коломна», – «Комсомольск-на-Амуре», – «Красноярск», – «Магадан», – «Пенза». Монеты имеют форму круга диаметром 22,0 мм. На лицевой и оборотной сторонах монет по окружности имеется выступающий кант. Боковая поверхность монет – прерывистое рифление с чередующимися участками, имеющими разное количество рифов. На лицевой стороне монет по окружности расположены надписи: в верхней части – «БАНК РОССИИ», в нижней части – «2026». Слева и справа расположены изображения ветви лавра и дуба соответственно. В центре расположены число «10» и надпись «РУБЛЕЙ» под ним, обозначающие номинал монеты. Внутри цифры «0» имеется защитный элемент в виде числа «10» и надписи «РУБ», наблюдаемых под разными углами зрения к плоскости монеты. В нижней части расположен товарный знак Московского монетного двора. На оборотной стороне: – монеты «Барнаул» (каталожный № 5714-0108) расположено рельефное изображение фрагмента художественного оформления стелы «Город трудовой доблести»; по окружности имеются надписи, вверху: «БАРНАУЛ», внизу, на ленте: «ГОРОДА ТРУДОВОЙ ДОБЛЕСТИ»; – монеты «Каменск-Уральский» (каталожный № 5714-0109) расположено рельефное изображение фрагмента художественного оформления стелы «Город трудовой доблести»; по окружности имеются надписи, вверху: «КАМЕНСК-УРАЛЬСКИЙ», внизу, на ленте: «ГОРОДА ТРУДОВОЙ ДОБЛЕСТИ»; – монеты «Киров» (каталожный № 5714-0110) расположено рельефное изображение фрагмента памятника «Кировчанам – труженикам тыла»; по окружности имеются надписи, вверху: «КИРОВ», внизу, на ленте: «ГОРОДА ТРУДОВОЙ ДОБЛЕСТИ»; – монеты «Коломна» (каталожный № 5714-0111) расположено рельефное изображение фрагмента художественного оформления стелы «Город трудовой доблести»; по окружности имеются надписи, вверху: «КОЛОМНА», внизу, на ленте: «ГОРОДА ТРУДОВОЙ ДОБЛЕСТИ»; – монеты «Комсомольск-на-Амуре» (каталожный № 5714-0112) расположено рельефное изображение фрагмента художественного оформления стелы «Город трудовой доблести»; по окружности имеются надписи, вверху: «КОМСОМОЛЬСК-НА-АМУРЕ», внизу, на ленте: «ГОРОДА ТРУДОВОЙ ДОБЛЕСТИ»; – монеты «Красноярск» (каталожный № 5714-0113) расположено рельефное изображение фрагмента мемориального комплекса в честь 70-летия Победы – скульптурной композиции «Женщина и мальчик-подросток, собирающие миномет»; по окружности имеются надписи, вверху: «КРАСНОЯРСК», внизу, на ленте: «ГОРОДА ТРУДОВОЙ ДОБЛЕСТИ»; – монеты «Магадан» (каталожный № 5714-0114) расположено рельефное изображение фрагмента художественного оформления стелы «Город трудовой доблести»; по окружности имеются надписи, вверху: «МАГАДАН», внизу, на ленте: «ГОРОДА ТРУДОВОЙ ДОБЛЕСТИ»; – монеты «Пенза» (каталожный № 5714-0115) расположено рельефное изображение фрагмента художественного оформления стелы «Город трудовой доблести»; по окружности имеются надписи, вверху: «ПЕНЗА», внизу, на ленте: «ГОРОДА ТРУДОВОЙ ДОБЛЕСТИ». Тираж монет – 1,0 млн штук каждая. Выпускаемые монеты являются законным средством наличного платежа на территории Российской Федерации и обязательны к приему по номиналу во все виды платежей без ограничений.",https://cbr.ru/press/PR?file=639130765586945500COINS.htm,cbr.ru,серия города трудовой доблести новые монеты 30 04 2026,серия города трудовой доблести новые монеты 30 04 2026 банк россии 4 мая 2026 года выпускает в обращение памятные монеты из недрагоценных металлов номиналом 10 рублей серии города трудовой доблести барнаул каменск уральский киров коломна комсомольск на амуре красноярск магадан пенза монеты имеют форму круга диаметром 22 0 мм на лицевой и оборотной сторонах монет по окружности имеется выступающий кант боковая поверхность монет прерывистое рифление с чередующимися участками имеющими разное количество рифов на лицевой стороне монет по окружности расположены надписи в верхней части банк россии в нижней части 2026 слева и справа расположены изображения ветви лавра и дуба соответственно в центре расположены число 10 и надпись рублей под ним обозначающие номинал монеты внутри цифры 0 имеется защитный элемент в виде числа 10 и надписи руб наблюдаемых под разными углами зрения к плоскости монеты в нижней части расположен товарный знак московского монетного двора на оборотной стороне монеты барнаул каталожный 5714 0108 расположено рельефное изображение фрагмента художественного оформления стелы город трудовой доблести по окружности имеются надписи вверху барнаул внизу на ленте города трудовой доблести монеты каменск уральский каталожный 5714 0109 расположено рельефное изображение фрагмента художественного оформления стелы город трудовой доблести по окружности имеются надписи вверху каменск уральский внизу на ленте города трудовой доблести монеты киров каталожный 5714 0110 расположено рельефное изображение фрагмента памятника кировчанам труженикам тыла по окружности имеются надписи вверху киров внизу на ленте города трудовой доблести монеты коломна каталожный 5714 0111 расположено рельефное изображение фрагмента художественного оформления стелы город трудовой доблести по окружности имеются надписи вверху коломна внизу на ленте города трудовой доблести монеты комсомольск на амуре каталожный 5714 0112 расположено рельефное изображение фрагмента художественного оформления стелы город трудовой доблести по окружности имеются надписи вверху комсомольск на амуре внизу на ленте города трудовой доблести монеты красноярск каталожный 5714 0113 расположено рельефное изображение фрагмента мемориального комплекса в честь 70 летия победы скульптурной композиции женщина и мальчик подросток собирающие миномет по окружности имеются надписи вверху красноярск внизу на ленте города трудовой доблести монеты магадан каталожный 5714 0114 расположено рельефное изображение фрагмента художественного оформления стелы город трудовой доблести по окружности имеются надписи вверху магадан внизу на ленте города трудовой доблести монеты пенза каталожный 5714 0115 расположено рельефное изображение фрагмента художественного оформления стелы город трудовой доблести по окружности имеются надписи вверху пенза внизу на ленте города трудовой доблести тираж монет 1 0 млн штук каждая выпускаемые монеты являются законным средством наличного платежа на территории российской федерации и обязательны к приему по номиналу во все виды платежей без ограничений,1.0,6507,"['банк', 'банк россии', 'платеж']","['номиналом', 'серия']",3.65,73.0,"публикация Банка России, но не финтех/банковский продуктовый сигнал",False,regulation
rss-банк-россии-—-пресс-релизы-3,Банк России принял ряд решений по макропруденциальной политике (29.04.2026),https://www.cbr.ru/press/PR/?file=639130820712099203FINSTAB.htm,Банк России — пресс-релизы,2026-04-29,"1. Банк России ужесточил на I II квартал 2026 года значения макропруденциальных лимитов (МПЛ) по ипотечным кредитам на приобретение строящегося и готового жилья в многоквартирных домах, а также не пересматривал макропруденциальные надбавки. По ипотеке на приобретение жилья в многоквартирных домах доля задолженности с просроченными платежами свыше 90 дней на 01.04.2026 составила 1,0% 1 (0,6% на 01.04.2025 и 0,9% на 01.01.2026). В основном рост просрочки приходится на кредиты, выданные в 2023–2024 годах в рамках массовой льготной ипотеки. Действующие c 01.07.2025 МПЛ ограничивают предоставление наиболее рискованной ипотеки. В I квартале 2026 года было предоставлено 4% ипотечных кредитов с показателем долговой нагрузки заемщика (ПДН) свыше 80% (в I квартале 2025 года – 6%), 1% – с первоначальным взносом не более 20% стоимости жилья (6% в I квартале 2025 года). Для ограничения выдач наиболее рискованной ипотеки и дальнейшего улучшения структуры ипотечного портфеля Банк России принял решение об ужесточении МПЛ в данных сегментах, при этом это ограничение не приведет к росту доли отказов по ипотеке, так как соответствует текущей структуре выдач в I квартале 2026 года. Значения МПЛ по ипотечным кредитам на I II квартал 2026 года для банков с универсальной лицензией Кредиты на приобретение строящегося жилья (ДДУ) III квартал 2026 года Справочно: II квартал 2026 года Фактическая доля выдач в I квартале 2026 года Характеристика кредита (займа) Значение МПЛ Характеристика кредита (займа) Значение МПЛ ПДН превышает 80% или первоначальный взнос не превышает 20% Совокупно 5% ПДН превышает 80% или первоначальный взнос не превышает 20% Совокупно 7% Совокупно 3% Из них: ПДН превышает 50% и первоначальный взнос не превышает 20% 1% Из них: ПДН превышает 50% и первоначальный взнос не превышает 20% 2% 0,2% Кредиты на приобретение готового жилья (не ДДУ) III квартал 2026 года Справочно: II квартал 2026 года Фактические объемы выдач в I квартале 2026 года Характеристика кредита (займа) Значение МПЛ Характеристика кредита (займа) Значение МПЛ ПДН превышает 80% или LTV 2 превышает 80% Совокупно 15% ПДН превышает 80% или LTV превышает 80% Совокупно 20% Совокупно 7% Из них: ПДН превышает 50% и LTV превышает 80% 5% Из них: ПДН превышает 50% и LTV превышает 80% 10% 0,2% Для покрытия рисков по ранее выданным кредитам банки сформировали макропруденциальный буфер капитала в размере 1,4% 3 от ипотечного портфеля 4 на 01.04.2026. 2. Банк России ужесточил на III квартал 2026 года МПЛ по ипотечным кредитам в сегменте ИЖС 5 и по нецелевым потребительским кредитам под залог недвижимости. Действующие c 01.10.2025 МПЛ ограничивают предоставление кредитов в сегментах ИЖС и нецелевых потребительских кредитов под залог недвижимости, выдаваемых заемщикам с высокой долговой нагрузкой, которые чаще допускают просрочки. В I квартале 2026 года в сегменте ИЖС доля выданных кредитов заемщикам с ПДН свыше 50% составила 44%, а с ПДН свыше 80% – 13% 6 ; в сегменте нецелевых кредитов под залог недвижимости с ПДН свыше 50% – 19%, с ПДН свыше 80% – 8% 7 . Доля кредитов с просроченными платежами свыше 90 дней в сегменте ИЖС достигла 4,4% на 01.04.2026 (3,4% на 01.04.2025 и 4,0% на 01.01.2026), что обусловлено как задержками строительства домов некоторыми подрядчиками, так и повышенным уровнем ПДН заемщиков. Также ухудшается качество нецелевых потребительских кредитов под залог недвижимости: по состоянию на 01.04.2026 доля кредитов с просроченными платежами свыше 90 дней составила 6,1% (3,6% на 01.04.2025 и 5,1% на 01.01.2026). Для ограничения кредитования заемщиков с повышенной долговой нагрузкой Банк России ужесточил МПЛ в этих сегментах кредитования на III квартал 2026 года. По ипотеке на ИЖС установлен новый МПЛ, который будет ограничивать выдачи кредитов с ПДН cвыше 50%. Аналогично, как и МПЛ в других сегментах кредитования, лимиты по ИЖС будут работать на вложенной основе: устанавливается лимит на сегмент выдач кредитов с ПДН cвыше 50%, и из них устанавливается вложенный сублимит на выдачи с ПДН cвыше 80%. Значения МПЛ по ипотечным кредитам на ИЖС и нецелевым потребительским кредитам под залог недвижимости на I II квартал 2026 года для банков с универсальной лицензией Кредиты на ИЖС III квартал 2026 года Справочно: II квартал 2026 года Характеристика кредита (займа) Значение МПЛ Характеристика кредита (займа) Значение МПЛ ПДН превышает 50% 28% ПДН превышает 50% Не установлен Из них: ПДН превышает 80% 3% Из них: ПДН превышает 80% 10% Нецелевые потребительские кредиты под залог недвижимости III квартал 2026 года Справочно: II квартал 2026 года Характеристика кредита (займа) Значение МПЛ Характеристика кредита (займа) Значение МПЛ ПДН превышает 50% 18% ПДН превышает 50% 25% Из них: ПДН превышает 80% 3% Из них: ПДН превышает 80% 10% 3. Банк России сохранил действующие МПЛ и значения макропруденциальных надбавок по необеспеченным потребительским кредитам (займам) 8 . На рынке необеспеченного потребительского кредитования в 2025 году наблюдалась реализация ранее накопленных рисков. Доля проблемных 9 кредитов на 01.04.2026 составила 13,1% (10,8% на 01.04.2025 и 13,0% на 01.01.2026), что обусловлено вызреванием кредитов, выданных в период кредитного перегрева 2023–2024 годов, а также продолжающимся сокращением портфеля кредитов 10 . Опережающие показатели обслуживания кредитов постепенно улучшаются. Доля задолженности с просрочкой более 30 дней на третий месяц с момента выдачи кредита составила 0,8% по кредитам наличными, выданным в январе 2026 года, и 2,7% по кредитным картам (-1,0 п.п. и −0,5 п.п. в сравнении с выдачами января 2025 года). Для покрытия рисков по ранее выданным кредитам банки сформировали на 01.04.2026 макропруденциальный буфер капитала в размере 8,3% 11 от портфеля за вычетом резервов, который может быть распущен Банком России в будущем, если у банков будут сложности с покрытием потерь по имеющимся кредитам. МПЛ, установленные по необеспеченным потребительским кредитам (займам), ограничивают выдачу наиболее рискованных кредитов (займов) заемщикам с высокой долговой нагрузкой, поэтому Банк России оставляет их неизменными. Доля выдаваемых необеспеченных потребительских кредитов (займов) с ПДН более 50% снизилась до 18% в I квартале 2026 года (24% в I квартале 2025 года). 4. Банк России сохранил на III квартал 2026 года МПЛ 12 по целевым автокредитам 13 и ужесточил МПЛ по нецелевым кредитам (займам) под залог автомототранспортных средств. Значения макропруденциальных надбавок не пересматривались. Под действием МПЛ в сегменте целевых автокредитов и нецелевых кредитов (займов) под залог автомототранспортных средств улучшилась структура кредитования. Доля выдач с ПДН свыше 50% для целевых автокредитов снизилась до 17% в I квартале 2026 года (20% в I квартале 2025 года), нецелевых кредитов (займов) под залог автомототранспортных средств – до 10% (43% в I квартале 2025 года). На 01.04.2026 накопленный макропруденциальный буфер капитала составил 2,5% от портфеля этих кредитов за вычетом резервов на возможные потери. Банк России сохранил на III квартал 2026 года МПЛ по целевым автокредитам на уровне II квартала 2026 года, а по нецелевым кредитам (займам) под залог автомототранспортных средств ужесточил их. Значения МПЛ по нецелевым потребительским кредитам под залог автомототранспортных средств на I II квартал 2026 года для банков с универсальной лицензией и МФО Нецелевые кредиты (займы) под залог автомототранспортных средств III квартал 2026 года Справочно: II квартал 2026 года Характеристика кредита (займа) Значение МПЛ Характеристика кредита (займа) Значение МПЛ ПДН превышает 50% 18% ПДН превышает 50% 20% Из них: ПДН превышает 80% 3% Из них: ПДН превышает 80% 5% Справочно: Целевые автокредиты III квартал 2026 года II квартал 2026 года Характеристика кредита (займа) Значение МПЛ Характеристика кредита (займа) Значение МПЛ ПДН превышает 50% 25% ПДН превышает 50% 25% Из них: ПДН превышает 80% 5% Из них: ПДН превышает 80% 5% 5. Банк России не пересматривал значение надбавки к коэффициентам риска на прирост кредитных требований к крупным компаниям с повышенной долговой нагрузкой. С 1 марта 2026 года макропруденциальная надбавка на прирост кредитных требований банков к крупным компаниям с высокой долговой нагрузкой была существенно повышена – с 40 до 100%. С момента установления надбавки (1 апреля 2025 года) по 1 апреля 2026 года под действие макропруденциальной надбавки попала задолженность компаний на общую сумму 3,8 трлн рублей, а банки сформировали макропруденциальный буфер капитала в отношении прироста кредитных требований в размере 63 млрд рублей. В будущем Банк России может продолжить повышение надбавки, если риски банков по требованиям к таким компаниям будут нарастать. 6. Макропруденциальные надбавки по корпоративным кредитным требованиям в иностранной валюте не пересматривались . За I квартал 2026 года валютизация портфеля корпоративных кредитов и облигаций с исключением влияния валютной переоценки 14 выросла незначительно – с 12,1 до 12,3% 15 . В настоящий момент отсутствует необходимость создавать стимулы к девалютизации кредитного портфеля, так как кредиты в иностранной валюте в основном берут компании-экспортеры, которые обладают достаточной валютной выручкой для исполнения обязательств. 7. Банк России не пересматривал значение национальной антициклической надбавки, действующей с 1 июля 2025 года (0,5 п.п. к нормативам достаточности капитала банков). Кредитование экономики растет сбалансированными темпами. По оценке Банка России, банковский сектор обладает достаточным запасом капитала для поддержки устойчивого финансирования экономики в текущем году и последующие периоды с учетом уже принятых решений по макропруденциальным инструментам и планового повышения макропруденциальных надбавок к нормативам достаточности капитала 16 . Банки продолжают постепенно восстанавливать показатель достаточности капитала: на 01.04.2026 по банковскому сектору он составил 13,9% 17 (13,2% на 01.01.2026 после 12,5% на 01.01.2025). В связи с этим значение национальной антициклической надбавки не пересматривалось. 1 По данным формы отчетности 0409704. 2 Соотношение величины основного долга по ипотечному кредиту и справедливой стоимости предмета залога. 3 По данным форм отчетности 0409114 и 0409135. 4 За вычетом резервов на возможные потери. 5 Индивидуальное жилищное строительство. 6 В I квартале 2025 года доли составляли 59 и 36% соответственно. 7 В I квартале 2025 года доли составляли 70 и 44% соответственно. 8 Для кредитных организаций и микрофинансовых организаций (МФО). 9 Под проблемными понимаются кредиты, классифицированные в IV–V к.к. (раздел 1 отчетности по форме 0409115), с вероятностью дефолта 100% (раздел 1.1 отчетности по форме 0409115), а также с просрочкой платежей на срок более 90 дней (раздел 3 отчетности по форме 0409115). 10 На 01.04.2026 портфель необеспеченных потребительских кредитов сократился на 3,1% г/г. 11 Рассчитано как доля от задолженности по портфелю кредитов за вычетом резервов на возможные потери. 12 Для кредитных организаций и МФО. 13 Кредиты (займы), предоставленные на приобретение автомототранспортного средства, исполнение обязательств заемщика по которым обеспечено залогом автомототранспортного средства. 14 Устранение переоценки по курсу юаня к рублю на 01.04.2026. 15 По данным формы отчетности 0409101. 16 В соответствии с Инструкцией Банка России от 26.05.2025 № 220-И «Об обязательных нормативах и надбавках к нормативам достаточности собственных средств (капитала) банков с универсальной лицензией и об осуществлении Банком России надзора за их соблюдением» для системно значимых кредитных организаций надбавки (с учетом антициклической надбавки 0,5 п.п.) суммарно увеличились с 1,25 п.п. на 1 июля 2025 года до 2,0 п.п. с 2026 года; для прочих банков – с 1,0 до 1,5 п.п. 17 По данным форм отчетности 0409123 и 0409135. Показатели рассчитываются по кредитным организациям, которые обязаны соблюдать соответствующие требования. Расчет выполнен без учета Банка непрофильных активов.","1. Банк России ужесточил на I II квартал 2026 года значения макропруденциальных лимитов (МПЛ) по ипотечным кредитам на приобретение строящегося и готового жилья в многоквартирных домах, а также не пересматривал макропруденциальные надбавки. По ипотеке на приобретение жилья в многоквартирных домах доля задолженности с просроченными платежами свыше 90 дней на 01.04.2026 составила 1,0% 1 (0,6% на 01.04.2025 и 0,9% на 01.01.2026). В основном рост просрочки приходится на кредиты, выданные в 2023–2024 годах в рамках массовой льготной ипотеки. Действующие c 01.07.2025 МПЛ ограничивают предоставление наиболее рискованной ипотеки. В I квартале 2026 года было предоставлено 4% ипотечных кредитов с показателем долговой нагрузки заемщика (ПДН) свыше 80% (в I квартале 2025 года – 6%), 1% – с первоначальным взносом не более 20% стоимости жилья (6% в I квартале 2025 года). Для ограничения выдач наиболее рискованной ипотеки и дальнейшего улучшения структуры ипотечного портфеля Банк России принял решение об ужесточении МПЛ в данных сегментах, при этом это ограничение не приведет к росту доли отказов по ипотеке, так как соответствует текущей структуре выдач в I квартале 2026 года. Значения МПЛ по ипотечным кредитам на I II квартал 2026 года для банков с универсальной лицензией Кредиты на приобретение строящегося жилья (ДДУ) III квартал 2026 года Справочно: II квартал 2026 года Фактическая доля выдач в I квартале 2026 года Характеристика кредита (займа) Значение МПЛ Характеристика кредита (займа) Значение МПЛ ПДН превышает 80% или первоначальный взнос не превышает 20% Совокупно 5% ПДН превышает 80% или первоначальный взнос не превышает 20% Совокупно 7% Совокупно 3% Из них: ПДН превышает 50% и первоначальный взнос не превышает 20% 1% Из них: ПДН превышает 50% и первоначальный взнос не превышает 20% 2% 0,2% Кредиты на приобретение готового жилья (не ДДУ) III квартал 2026 года Справочно: II квартал 2026 года Фактические объемы выдач в I квартале 2026 года Характеристика кредита (займа) Значение МПЛ Характеристика кредита (займа) Значение МПЛ ПДН превышает 80% или LTV 2 превышает 80% Совокупно 15% ПДН превышает 80% или LTV превышает 80% Совокупно 20% Совокупно 7% Из них: ПДН превышает 50% и LTV превышает 80% 5% Из них: ПДН превышает 50% и LTV превышает 80% 10% 0,2% Для покрытия рисков по ранее выданным кредитам банки сформировали макропруденциальный буфер капитала в размере 1,4% 3 от ипотечного портфеля 4 на 01.04.2026. 2. Банк России ужесточил на III квартал 2026 года МПЛ по ипотечным кредитам в сегменте ИЖС 5 и по нецелевым потребительским кредитам под залог недвижимости. Действующие c 01.10.2025 МПЛ ограничивают предоставление кредитов в сегментах ИЖС и нецелевых потребительских кредитов под залог недвижимости, выдаваемых заемщикам с высокой долговой нагрузкой, которые чаще допускают просрочки. В I квартале 2026 года в сегменте ИЖС доля выданных кредитов заемщикам с ПДН свыше 50% составила 44%, а с ПДН свыше 80% – 13% 6 ; в сегменте нецелевых кредитов под залог недвижимости с ПДН свыше 50% – 19%, с ПДН свыше 80% – 8% 7 . Доля кредитов с просроченными платежами свыше 90 дней в сегменте ИЖС достигла 4,4% на 01.04.2026 (3,4% на 01.04.2025 и 4,0% на 01.01.2026), что обусловлено как задержками строительства домов некоторыми подрядчиками, так и повышенным уровнем ПДН заемщиков. Также ухудшается качество нецелевых потребительских кредитов под залог недвижимости: по состоянию на 01.04.2026 доля кредитов с просроченными платежами свыше 90 дней составила 6,1% (3,6% на 01.04.2025 и 5,1% на 01.01.2026). Для ограничения кредитования заемщиков с повышенной долговой нагрузкой Банк России ужесточил МПЛ в этих сегментах кредитования на III квартал 2026 года. По ипотеке на ИЖС установлен новый МПЛ, который будет ограничивать выдачи кредитов с ПДН cвыше 50%. Аналогично, как и МПЛ в других сегментах кредитования, лимиты по ИЖС будут работать на вложенной основе: устанавливается лимит на сегмент выдач кредитов с ПДН cвыше 50%, и из них устанавливается вложенный сублимит на выдачи с ПДН cвыше 80%. Значения МПЛ по ипотечным кредитам на ИЖС и нецелевым потребительским кредитам под залог недвижимости на I II квартал 2026 года для банков с универсальной лицензией Кредиты на ИЖС III квартал 2026 года Справочно: II квартал 2026 года Характеристика кредита (займа) Значение МПЛ Характеристика кредита (займа) Значение МПЛ ПДН превышает 50% 28% ПДН превышает 50% Не установлен Из них: ПДН превышает 80% 3% Из них: ПДН превышает 80% 10% Нецелевые потребительские кредиты под залог недвижимости III квартал 2026 года Справочно: II квартал 2026 года Характеристика кредита (займа) Значение МПЛ Характеристика кредита (займа) Значение МПЛ ПДН превышает 50% 18% ПДН превышает 50% 25% Из них: ПДН превышает 80% 3% Из них: ПДН превышает 80% 10% 3. Банк России сохранил действующие МПЛ и значения макропруденциальных надбавок по необеспеченным потребительским кредитам (займам) 8 . На рынке необеспеченного потребительского кредитования в 2025 году наблюдалась реализация ранее накопленных рисков. Доля проблемных 9 кредитов на 01.04.2026 составила 13,1% (10,8% на 01.04.2025 и 13,0% на 01.01.2026), что обусловлено вызреванием кредитов, выданных в период кредитного перегрева 2023–2024 годов, а также продолжающимся сокращением портфеля кредитов 10 . Опережающие показатели обслуживания кредитов постепенно улучшаются. Доля задолженности с просрочкой более 30 дней на третий месяц с момента выдачи кредита составила 0,8% по кредитам наличными, выданным в январе 2026 года, и 2,7% по кредитным картам (-1,0 п.п. и −0,5 п.п. в сравнении с выдачами января 2025 года). Для покрытия рисков по ранее выданным кредитам банки сформировали на 01.04.2026 макропруденциальный буфер капитала в размере 8,3% 11 от портфеля за вычетом резервов, который может быть распущен Банком России в будущем, если у банков будут сложности с покрытием потерь по имеющимся кредитам. МПЛ, установленные по необеспеченным потребительским кредитам (займам), ограничивают выдачу наиболее рискованных кредитов (займов) заемщикам с высокой долговой нагрузкой, поэтому Банк России оставляет их неизменными. Доля выдаваемых необеспеченных потребительских кредитов (займов) с ПДН более 50% снизилась до 18% в I квартале 2026 года (24% в I квартале 2025 года). 4. Банк России сохранил на III квартал 2026 года МПЛ 12 по целевым автокредитам 13 и ужесточил МПЛ по нецелевым кредитам (займам) под залог автомототранспортных средств. Значения макропруденциальных надбавок не пересматривались. Под действием МПЛ в сегменте целевых автокредитов и нецелевых кредитов (займов) под залог автомототранспортных средств улучшилась структура кредитования. Доля выдач с ПДН свыше 50% для целевых автокредитов снизилась до 17% в I квартале 2026 года (20% в I квартале 2025 года), нецелевых кредитов (займов) под залог автомототранспортных средств – до 10% (43% в I квартале 2025 года). На 01.04.2026 накопленный макропруденциальный буфер капитала составил 2,5% от портфеля этих кредитов за вычетом резервов на возможные потери. Банк России сохранил на III квартал 2026 года МПЛ по целевым автокредитам на уровне II квартала 2026 года, а по нецелевым кредитам (займам) под залог автомототранспортных средств ужесточил их. Значения МПЛ по нецелевым потребительским кредитам под залог автомототранспортных средств на I II квартал 2026 года для банков с универсальной лицензией и МФО Нецелевые кредиты (займы) под залог автомототранспортных средств III квартал 2026 года Справочно: II квартал 2026 года Характеристика кредита (займа) Значение МПЛ Характеристика кредита (займа) Значение МПЛ ПДН превышает 50% 18% ПДН превышает 50% 20% Из них: ПДН превышает 80% 3% Из них: ПДН превышает 80% 5% Справочно: Целевые автокредиты III квартал 2026 года II квартал 2026 года Характеристика кредита (займа) Значение МПЛ Характеристика кредита (займа) Значение МПЛ ПДН превышает 50% 25% ПДН превышает 50% 25% Из них: ПДН превышает 80% 5% Из них: ПДН превышает 80% 5% 5. Банк России не пересматривал значение надбавки к коэффициентам риска на прирост кредитных требований к крупным компаниям с повышенной долговой нагрузкой. С 1 марта 2026 года макропруденциальная надбавка на прирост кредитных требований банков к крупным компаниям с высокой долговой нагрузкой была существенно повышена – с 40 до 100%. С момента установления надбавки (1 апреля 2025 года) по 1 апреля 2026 года под действие макропруденциальной надбавки попала задолженность компаний на общую сумму 3,8 трлн рублей, а банки сформировали макропруденциальный буфер капитала в отношении прироста кредитных требований в размере 63 млрд рублей. В будущем Банк России может продолжить повышение надбавки, если риски банков по требованиям к таким компаниям будут нарастать. 6. Макропруденциальные надбавки по корпоративным кредитным требованиям в иностранной валюте не пересматривались . За I квартал 2026 года валютизация портфеля корпоративных кредитов и облигаций с исключением влияния валютной переоценки 14 выросла незначительно – с 12,1 до 12,3% 15 . В настоящий момент отсутствует необходимость создавать стимулы к девалютизации кредитного портфеля, так как кредиты в иностранной валюте в основном берут компании-экспортеры, которые обладают достаточной валютной выручкой для исполнения обязательств. 7. Банк России не пересматривал значение национальной антициклической надбавки, действующей с 1 июля 2025 года (0,5 п.п. к нормативам достаточности капитала банков). Кредитование экономики растет сбалансированными темпами. По оценке Банка России, банковский сектор обладает достаточным запасом капитала для поддержки устойчивого финансирования экономики в текущем году и последующие периоды с учетом уже принятых решений по макропруденциальным инструментам и планового повышения макропруденциальных надбавок к нормативам достаточности капитала 16 . Банки продолжают постепенно восстанавливать показатель достаточности капитала: на 01.04.2026 по банковскому сектору он составил 13,9% 17 (13,2% на 01.01.2026 после 12,5% на 01.01.2025). В связи с этим значение национальной антициклической надбавки не пересматривалось. 1 По данным формы отчетности 0409704. 2 Соотношение величины основного долга по ипотечному кредиту и справедливой стоимости предмета залога. 3 По данным форм отчетности 0409114 и 0409135. 4 За вычетом резервов на возможные потери. 5 Индивидуальное жилищное строительство. 6 В I квартале 2025 года доли составляли 59 и 36% соответственно. 7 В I квартале 2025 года доли составляли 70 и 44% соответственно. 8 Для кредитных организаций и микрофинансовых организаций (МФО). 9 Под проблемными понимаются кредиты, классифицированные в IV–V к.к. (раздел 1 отчетности по форме 0409115), с вероятностью дефолта 100% (раздел 1.1 отчетности по форме 0409115), а также с просрочкой платежей на срок более 90 дней (раздел 3 отчетности по форме 0409115). 10 На 01.04.2026 портфель необеспеченных потребительских кредитов сократился на 3,1% г/г. 11 Рассчитано как доля от задолженности по портфелю кредитов за вычетом резервов на возможные потери. 12 Для кредитных организаций и МФО. 13 Кредиты (займы), предоставленные на приобретение автомототранспортного средства, исполнение обязательств заемщика по которым обеспечено залогом автомототранспортного средства. 14 Устранение переоценки по курсу юаня к рублю на 01.04.2026. 15 По данным формы отчетности 0409101. 16 В соответствии с Инструкцией Банка России от 26.05.2025 № 220-И «Об обязательных нормативах и надбавках к нормативам достаточности собственных средств (капитала) банков с универсальной лицензией и об осуществлении Банком России надзора за их соблюдением» для системно значимых кредитных организаций надбавки (с учетом антициклической надбавки 0,5 п.п.) суммарно увеличились с 1,25 п.п. на 1 июля 2025 года до 2,0 п.п. с 2026 года; для прочих банков – с 1,0 до 1,5 п.п. 17 По данным форм отчетности 0409123 и 0409135. Показатели рассчитываются по кредитным организациям, которые обязаны соблюдать соответствующие требования. Расчет выполнен без учета Банка непрофильных активов.",https://cbr.ru/press/PR?file=639130820712099203FINSTAB.htm,cbr.ru,банк россии принял ряд решений по макропруденциальной политике 29 04 2026,банк россии принял ряд решений по макропруденциальной политике 29 04 2026 1 банк россии ужесточил на i ii квартал 2026 года значения макропруденциальных лимитов мпл по ипотечным кредитам на приобретение строящегося и готового жилья в многоквартирных домах а также не пересматривал макропруденциальные надбавки по ипотеке на приобретение жилья в многоквартирных домах доля задолженности с просроченными платежами свыше 90 дней на 01 04 2026 составила 1 0 1 0 6 на 01 04 2025 и 0 9 на 01 01 2026 в основном рост просрочки приходится на кредиты выданные в 2023 2024 годах в рамках массовой льготной ипотеки действующие c 01 07 2025 мпл ограничивают предоставление наиболее рискованной ипотеки в i квартале 2026 года было предоставлено 4 ипотечных кредитов с показателем долговой нагрузки заемщика пдн свыше 80 в i квартале 2025 года 6 1 с первоначальным взносом не более 20 стоимости жилья 6 в i квартале 2025 года для ограничения выдач наиболее рискованной ипотеки и дальнейшего улучшения структуры ипотечного портфеля банк россии принял решение об ужесточении мпл в данных сегментах при этом это ограничение не приведет к росту доли отказов по ипотеке так как соответствует текущей структуре выдач в i квартале 2026 года значения мпл по ипотечным кредитам на i ii квартал 2026 года для банков с универсальной лицензией кредиты на приобретение строящегося жилья дду iii квартал 2026 года справочно ii квартал 2026 года фактическая доля выдач в i квартале 2026 года характеристика кредита займа значение мпл характеристика кредита займа значение мпл пдн превышает 80 или первоначальный взнос не превышает 20 совокупно 5 пдн превышает 80 или первоначальный взнос не превышает 20 совокупно 7 совокупно 3 из них пдн превышает 50 и первоначальный взнос не превышает 20 1 из них пдн превышает 50 и первоначальный взнос не превышает 20 2 0 2 кредиты на приобретение готового жилья не дду iii квартал 2026 года справочно ii квартал 2026 года фактические объемы выдач в i квартале 2026 года характеристика кредита займа значение мпл характеристика кредита займа значение мпл пдн превышает 80 или ltv 2 превышает 80 совокупно 15 пдн превышает 80 или ltv превышает 80 совокупно 20 совокупно 7 из них пдн превышает 50 и ltv превышает 80 5 из них пдн превышает 50 и ltv превышает 80 10 0 2 для покрытия рисков по ранее выданным кредитам банки сформировали макропруденциальный буфер капитала в размере 1 4 3 от ипотечного портфеля 4 на 01 04 2026 2 банк россии ужесточил на iii квартал 2026 года мпл по ипотечным кредитам в сегменте ижс 5 и по нецелевым потребительским кредитам под залог недвижимости действующие c 01 10 2025 мпл ограничивают предоставление кредитов в сегментах ижс и нецелевых потребительских кредитов под залог недвижимости выдаваемых заемщикам с высокой долговой нагрузкой которые чаще допускают просрочки в i квартале 2026 года в сегменте ижс доля выданных кредитов заемщикам с пдн свыше 50 составила 44 а с пдн свыше 80 13 6 в сегменте нецелевых кредитов под залог недвижимости с пдн свыше 50 19 с пдн свыше 80 8 7 доля кредитов с просроченными платежами свыше 90 дней в сегменте ижс достигла 4 4 на 01 04 2026 3 4 на 01 04 2025 и 4 0 на 01 01 2026 что обусловлено как задержками строительства домов некоторыми подрядчиками так и повышенным уровнем пдн заемщиков также ухудшается качество нецелевых потребительских кредитов под залог недвижимости по состоянию на 01 04 2026 доля кредитов с просроченными платежами свыше 90 дней составила 6 1 3 6 на 01 04 2025 и 5 1 на 01 01 2026 для ограничения кредитования заемщиков с повышенной долговой нагрузкой банк россии ужесточил мпл в этих сегментах кредитования на iii квартал 2026 года по ипотеке на ижс установлен новый мпл который будет ограничивать выдачи кредитов с пдн cвыше 50 аналогично как и мпл в других сегментах кредитования лимиты по ижс будут работать на вложенной основе устанавливается лимит на сегмент выдач кредитов с пдн cвыше 50 и из них устанавливается вложенный сублимит на выдачи с пдн cвыше 80 значения мпл по ипотечным кредитам на ижс и нецелевым потребительским кредитам под залог недвижимости на i ii квартал 2026 года для банков с универсальной лицензией кредиты на ижс iii квартал 2026 года справочно ii квартал 2026 года характеристика кредита займа значение мпл характеристика кредита займа значение мпл пдн превышает 50 28 пдн превышает 50 не установлен из них пдн превышает 80 3 из них пдн превышает 80 10 нецелевые потребительские кредиты под залог недвижимости iii квартал 2026 года справочно ii квартал 2026 года характеристика кредита займа значение мпл характеристика кредита займа значение мпл пдн превышает 50 18 пдн превышает 50 25 из них пдн превышает 80 3 из них пдн превышает 80 10 3 банк россии сохранил действующие мпл и значения макропруденциальных надбавок по необеспеченным потребительским кредитам займам 8 на рынке необеспеченного потребительского кредитования в 2025 году наблюдалась реализация ранее накопленных рисков доля проблемных 9 кредитов на 01 04 2026 составила 13 1 10 8 на 01 04 2025 и 13 0 на 01 01 2026 что обусловлено вызреванием кредитов выданных в период кредитного перегрева 2023 2024 годов а также продолжающимся сокращением портфеля кредитов 10 опережающие показатели обслуживания кредитов постепенно улучшаются доля задолженности с просрочкой более 30 дней на третий месяц с момента выдачи кредита составила 0 8 по кредитам наличными выданным в январе 2026 года и 2 7 по кредитным картам 1 0 п п и 0 5 п п в сравнении с выдачами января 2025 года для покрытия рисков по ранее выданным кредитам банки сформировали на 01 04 2026 макропруденциальный буфер капитала в размере 8 3 11 от портфеля за вычетом резервов который может быть распущен банком россии в будущем если у банков будут сложности с покрытием потерь по имеющимся кредитам мпл установленные по необеспеченным потребительским кредитам займам ограничивают выдачу наиболее рискованных кредитов займов заемщикам с высокой долговой нагрузкой поэтому банк россии оставляет их неизменными доля выдаваемых необеспеченных потребительских кредитов займов с пдн более 50 снизилась до 18 в i квартале 2026 года 24 в i квартале 2025 года 4 банк россии сохранил на iii квартал 2026 года мпл 12 по целевым автокредитам 13 и ужесточил мпл по нецелевым кредитам займам под залог автомототранспортных средств значения макропруденциальных надбавок не пересматривались под действием мпл в сегменте целевых автокредитов и нецелевых кредитов займов под залог автомототранспортных средств улучшилась структура кредитования доля выдач с пдн свыше 50 для целевых автокредитов снизилась до 17 в i квартале 2026 года 20 в i квартале 2025 года нецелевых кредитов займов под залог автомототранспортных средств до 10 43 в i квартале 2025 года на 01 04 2026 накопленный макропруденциальный буфер капитала составил 2 5 от портфеля этих кредитов за вычетом резервов на возможные потери банк россии сохранил на iii квартал 2026 года мпл по целевым автокредитам на уровне ii квартала 2026 года а по нецелевым кредитам займам под залог автомототранспортных средств ужесточил их значения мпл по нецелевым потребительским кредитам под залог автомототранспортных средств на i ii квартал 2026 года для банков с универсальной лицензией и мфо нецелевые кредиты займы под залог автомототранспортных средств iii квартал 2026 года справочно ii квартал 2026 года характеристика кредита займа значение мпл характеристика кредита займа значение мпл пдн превышает 50 18 пдн превышает 50 20 из них пдн превышает 80 3 из них пдн превышает 80 5 справочно целевые автокредиты iii квартал 2026 года ii квартал 2026 года характеристика кредита займа значение мпл характеристика кредита займа значение мпл пдн превышает 50 25 пдн превышает 50 25 из них пдн превышает 80 5 из них пдн превышает 80 5 5 банк россии не пересматривал значение надбавки к коэффициентам риска на прирост кредитных требований к крупным компаниям с повышенной долговой нагрузкой с 1 марта 2026 года макропруденциальная надбавка на прирост кредитных требований банков к крупным компаниям с высокой долговой нагрузкой была существенно повышена с 40 до 100 с момента установления надбавки 1 апреля 2025 года по 1 апреля 2026 года под действие макропруденциальной надбавки попала задолженность компаний на общую сумму 3 8 трлн рублей а банки сформировали макропруденциальный буфер капитала в отношении прироста кредитных требований в размере 63 млрд рублей в будущем банк россии может продолжить повышение надбавки если риски банков по требованиям к таким компаниям будут нарастать 6 макропруденциальные надбавки по корпоративным кредитным требованиям в иностранной валюте не пересматривались за i квартал 2026 года валютизация портфеля корпоративных кредитов и облигаций с исключением влияния валютной переоценки 14 выросла незначительно с 12 1 до 12 3 15 в настоящий момент отсутствует необходимость создавать стимулы к девалютизации кредитного портфеля так как кредиты в иностранной валюте в основном берут компании экспортеры которые обладают достаточной валютной выручкой для исполнения обязательств 7 банк россии не пересматривал значение национальной антициклической надбавки действующей с 1 июля 2025 года 0 5 п п к нормативам достаточности капитала банков кредитование экономики растет сбалансированными темпами по оценке банка россии банковский сектор обладает достаточным запасом капитала для поддержки устойчивого финансирования экономики в текущем году и последующие периоды с учетом уже принятых решений по макропруденциальным инструментам и планового повышения макропруденциальных надбавок к нормативам достаточности капитала 16 банки продолжают постепенно восстанавливать показатель достаточности капитала на 01 04 2026 по банковскому сектору он составил 13 9 17 13 2 на 01 01 2026 после 12 5 на 01 01 2025 в связи с этим значение национальной антициклической надбавки не пересматривалось 1 по данным формы отчетности 0409704 2 соотношение величины основного долга по ипотечному кредиту и справедливой стоимости предмета залога 3 по данным форм отчетности 0409114 и 0409135 4 за вычетом резервов на возможные потери 5 индивидуальное жилищное строительство 6 в i квартале 2025 года доли составляли 59 и 36 соответственно 7 в i квартале 2025 года доли составляли 70 и 44 соответственно 8 для кредитных организаций и микрофинансовых организаций мфо 9 под проблемными понимаются кредиты классифицированные в iv v к к раздел 1 отчетности по форме 0409115 с вероятностью дефолта 100 раздел 1 1 отчетности по форме 0409115 а также с просрочкой платежей на срок более 90 дней раздел 3 отчетности по форме 0409115 10 на 01 04 2026 портфель необеспеченных потребительских кредитов сократился на 3 1 г г 11 рассчитано как доля от задолженности по портфелю кредитов за вычетом резервов на возможные потери 12 для кредитных организаций и мфо 13 кредиты займы предоставленные на приобретение автомототранспортного средства исполнение обязательств заемщика по которым обеспечено залогом автомототранспортного средства 14 устранение переоценки по курсу юаня к рублю на 01 04 2026 15 по данным формы отчетности 0409101 16 в соответствии с инструкцией банка россии от 26 05 2025 220 и об обязательных нормативах и надбавках к нормативам достаточности собственных средств капитала банков с универсальной лицензией и об осуществлении банком россии надзора за их соблюдением для системно значимых кредитных организаций надбавки с учетом антициклической надбавки 0 5 п п суммарно увеличились с 1 25 п п на 1 июля 2025 года до 2 0 п п с 2026 года для прочих банков с 1 0 до 1 5 п п 17 по данным форм отчетности 0409123 и 0409135 показатели рассчитываются по кредитным организациям которые обязаны соблюдать соответствующие требования расчет выполнен без учета банка непрофильных активов,1.0,23941,"['банк', 'банк россии', 'банки', 'банковский', 'заем', 'карта', 'кредит', 'кредитование', 'платеж', 'риск']",['курс'],5.0,100.0,,True,banking_product
rss-банк-россии-—-пресс-релизы-4,"Банк России принял решение снизить ключевую ставку на 50 б.п., до 14,50% годовых (24.04.2026)",https://www.cbr.ru/press/PR/?file=24042026_133000key.htm,Банк России — пресс-релизы,2026-04-24,"Совет директоров Банка России 24 апреля 2026 года принял решение снизить ключевую ставку на 50 б.п., до 14,50% годовых. Динамика внутреннего спроса приблизилась к возможностям расширения предложения товаров и услуг. При этом показатели устойчивого роста цен пока не снижаются и, по оценке Банка России, остаются в диапазоне 4–5% в пересчете на год. Сохраняется существенная неопределенность со стороны внешних условий и параметров бюджетной политики. Банк России будет оценивать целесообразность дальнейшего снижения ключевой ставки на ближайших заседаниях в зависимости от устойчивости замедления инфляции, динамики инфляционных ожиданий, а также от оценки рисков со стороны внешних и внутренних условий. Базовый сценарий предполагает среднюю ключевую ставку в диапазоне 14,0–14,5% годовых в 2026 году и 8,0–10,0% годовых в 2027 году. По прогнозу Банка России, с учетом проводимой денежно-кредитной политики годовая инфляция снизится до 4,5–5,5% в 2026 году. Устойчивая инфляция сложится вблизи 4% во втором полугодии 2026 года. В 2027 году и далее годовая инфляция будет находиться на цели. В 1к26 текущий рост цен с поправкой на сезонность в среднем составил 8,7% в пересчете на год после 4,4% в 4к25. Аналогичный показатель базовой инфляции в среднем составил 6,3% после 5,0% в предыдущем квартале. Такая динамика связана с разовыми факторами (прежде всего с повышением НДС и индексацией регулируемых цен и тарифов). С их исключением оценка устойчивой инфляции не изменилась и в целом находится в диапазоне 4–5% в пересчете на год. Годовая инфляция, по оценке на 20 апреля, составила 5,7%. Инфляционные ожидания с марта менялись разнонаправленно. Инфляционные ожидания населения снизились. Ценовые ожидания бизнеса существенно не изменились. Ожидания участников финансового рынка немного выросли. В целом ожидания будущей инфляции сохраняются на повышенном уровне. Это может препятствовать ее устойчивому замедлению. По оперативным данным, российская экономика в 1к26 замедлилась, в том числе из-за подстройки к произошедшим налоговым изменениям. Также повлияло меньшее количество рабочих дней и неблагоприятные погодные условия. Инвестиционная активность остается сдержанной. Сохраняется тенденция на замедление роста потребительского спроса, несмотря на некоторое оживление в марте. С учетом того что динамика экономической активности в 1к26 во многом обусловлена разовыми факторами, прогноз по росту ВВП в 2026 году сохранен на уровне 0,5–1,5%. Напряженность на рынке труда постепенно снижается. По данным опросов, доля предприятий, испытывающих дефицит кадров, продолжает сокращаться и находится на минимальном значении с середины 2023 года. Компании планируют более умеренные индексации зарплат в 2026 году по сравнению с 2023–2025 годами. При этом безработица остается на исторических минимумах, а рост зарплат продолжает опережать рост производительности труда. Денежно-кредитные условия немного смягчились, но остаются жесткими. Процентные ставки уменьшились в большинстве сегментов финансового рынка. Неценовые условия банковского кредитования по-прежнему жесткие. Кредитная активность сдержанная. Это в том числе связано с рекордно высоким авансированием госрасходов в 1к26. Склонность домашних хозяйств к сбережению в целом остается высокой. Проинфляционные риски по-прежнему преобладают над дезинфляционными на среднесрочном горизонте. Основные проинфляционные риски связаны с ухудшением перспектив мировой экономики и ростом ценового давления в мире на фоне усиления геополитической напряженности, а также с высокими инфляционными ожиданиями и длительным периодом роста зарплат темпами выше роста производительности труда. Дезинфляционные риски связаны с более значительным замедлением внутреннего спроса. Банк России исходит из объявленных параметров бюджетной политики. Они предполагают, что на среднесрочном горизонте бюджетная политика будет способствовать замедлению инфляции. В случае более высоких расходов, сопровождаемых ростом структурного дефицита бюджета, потребуется более жесткая денежно-кредитная политика, чем в базовом сценарии. По итогам заседания Совета директоров по ключевой ставке 24 апреля 2026 года Банк России обновил среднесрочный прогноз . 7 мая 2026 года Банк России опубликует Резюме обсуждения ключевой ставки и Комментарий к среднесрочному прогнозу. Следующее заседание Совета директоров Банка России, на котором будет рассматриваться вопрос об уровне ключевой ставки, запланировано на 19 июня 2026 года . Время публикации пресс-релиза о решении Совета директоров Банка России – 13:30 по московскому времени. Заявление Председателя Банка России Эльвиры Набиуллиной по итогам заседания Совета директоров Банка России 24 апреля 2026 года","Совет директоров Банка России 24 апреля 2026 года принял решение снизить ключевую ставку на 50 б.п., до 14,50% годовых. Динамика внутреннего спроса приблизилась к возможностям расширения предложения товаров и услуг. При этом показатели устойчивого роста цен пока не снижаются и, по оценке Банка России, остаются в диапазоне 4–5% в пересчете на год. Сохраняется существенная неопределенность со стороны внешних условий и параметров бюджетной политики. Банк России будет оценивать целесообразность дальнейшего снижения ключевой ставки на ближайших заседаниях в зависимости от устойчивости замедления инфляции, динамики инфляционных ожиданий, а также от оценки рисков со стороны внешних и внутренних условий. Базовый сценарий предполагает среднюю ключевую ставку в диапазоне 14,0–14,5% годовых в 2026 году и 8,0–10,0% годовых в 2027 году. По прогнозу Банка России, с учетом проводимой денежно-кредитной политики годовая инфляция снизится до 4,5–5,5% в 2026 году. Устойчивая инфляция сложится вблизи 4% во втором полугодии 2026 года. В 2027 году и далее годовая инфляция будет находиться на цели. В 1к26 текущий рост цен с поправкой на сезонность в среднем составил 8,7% в пересчете на год после 4,4% в 4к25. Аналогичный показатель базовой инфляции в среднем составил 6,3% после 5,0% в предыдущем квартале. Такая динамика связана с разовыми факторами (прежде всего с повышением НДС и индексацией регулируемых цен и тарифов). С их исключением оценка устойчивой инфляции не изменилась и в целом находится в диапазоне 4–5% в пересчете на год. Годовая инфляция, по оценке на 20 апреля, составила 5,7%. Инфляционные ожидания с марта менялись разнонаправленно. Инфляционные ожидания населения снизились. Ценовые ожидания бизнеса существенно не изменились. Ожидания участников финансового рынка немного выросли. В целом ожидания будущей инфляции сохраняются на повышенном уровне. Это может препятствовать ее устойчивому замедлению. По оперативным данным, российская экономика в 1к26 замедлилась, в том числе из-за подстройки к произошедшим налоговым изменениям. Также повлияло меньшее количество рабочих дней и неблагоприятные погодные условия. Инвестиционная активность остается сдержанной. Сохраняется тенденция на замедление роста потребительского спроса, несмотря на некоторое оживление в марте. С учетом того что динамика экономической активности в 1к26 во многом обусловлена разовыми факторами, прогноз по росту ВВП в 2026 году сохранен на уровне 0,5–1,5%. Напряженность на рынке труда постепенно снижается. По данным опросов, доля предприятий, испытывающих дефицит кадров, продолжает сокращаться и находится на минимальном значении с середины 2023 года. Компании планируют более умеренные индексации зарплат в 2026 году по сравнению с 2023–2025 годами. При этом безработица остается на исторических минимумах, а рост зарплат продолжает опережать рост производительности труда. Денежно-кредитные условия немного смягчились, но остаются жесткими. Процентные ставки уменьшились в большинстве сегментов финансового рынка. Неценовые условия банковского кредитования по-прежнему жесткие. Кредитная активность сдержанная. Это в том числе связано с рекордно высоким авансированием госрасходов в 1к26. Склонность домашних хозяйств к сбережению в целом остается высокой. Проинфляционные риски по-прежнему преобладают над дезинфляционными на среднесрочном горизонте. Основные проинфляционные риски связаны с ухудшением перспектив мировой экономики и ростом ценового давления в мире на фоне усиления геополитической напряженности, а также с высокими инфляционными ожиданиями и длительным периодом роста зарплат темпами выше роста производительности труда. Дезинфляционные риски связаны с более значительным замедлением внутреннего спроса. Банк России исходит из объявленных параметров бюджетной политики. Они предполагают, что на среднесрочном горизонте бюджетная политика будет способствовать замедлению инфляции. В случае более высоких расходов, сопровождаемых ростом структурного дефицита бюджета, потребуется более жесткая денежно-кредитная политика, чем в базовом сценарии. По итогам заседания Совета директоров по ключевой ставке 24 апреля 2026 года Банк России обновил среднесрочный прогноз . 7 мая 2026 года Банк России опубликует Резюме обсуждения ключевой ставки и Комментарий к среднесрочному прогнозу. Следующее заседание Совета директоров Банка России, на котором будет рассматриваться вопрос об уровне ключевой ставки, запланировано на 19 июня 2026 года . Время публикации пресс-релиза о решении Совета директоров Банка России – 13:30 по московскому времени. Заявление Председателя Банка России Эльвиры Набиуллиной по итогам заседания Совета директоров Банка России 24 апреля 2026 года",https://cbr.ru/press/PR?file=24042026_133000key.htm,cbr.ru,банк россии принял решение снизить ключевую ставку на 50 б п до 14 50 годовых 24 04 2026,банк россии принял решение снизить ключевую ставку на 50 б п до 14 50 годовых 24 04 2026 совет директоров банка россии 24 апреля 2026 года принял решение снизить ключевую ставку на 50 б п до 14 50 годовых динамика внутреннего спроса приблизилась к возможностям расширения предложения товаров и услуг при этом показатели устойчивого роста цен пока не снижаются и по оценке банка россии остаются в диапазоне 4 5 в пересчете на год сохраняется существенная неопределенность со стороны внешних условий и параметров бюджетной политики банк россии будет оценивать целесообразность дальнейшего снижения ключевой ставки на ближайших заседаниях в зависимости от устойчивости замедления инфляции динамики инфляционных ожиданий а также от оценки рисков со стороны внешних и внутренних условий базовый сценарий предполагает среднюю ключевую ставку в диапазоне 14 0 14 5 годовых в 2026 году и 8 0 10 0 годовых в 2027 году по прогнозу банка россии с учетом проводимой денежно кредитной политики годовая инфляция снизится до 4 5 5 5 в 2026 году устойчивая инфляция сложится вблизи 4 во втором полугодии 2026 года в 2027 году и далее годовая инфляция будет находиться на цели в 1к26 текущий рост цен с поправкой на сезонность в среднем составил 8 7 в пересчете на год после 4 4 в 4к25 аналогичный показатель базовой инфляции в среднем составил 6 3 после 5 0 в предыдущем квартале такая динамика связана с разовыми факторами прежде всего с повышением ндс и индексацией регулируемых цен и тарифов с их исключением оценка устойчивой инфляции не изменилась и в целом находится в диапазоне 4 5 в пересчете на год годовая инфляция по оценке на 20 апреля составила 5 7 инфляционные ожидания с марта менялись разнонаправленно инфляционные ожидания населения снизились ценовые ожидания бизнеса существенно не изменились ожидания участников финансового рынка немного выросли в целом ожидания будущей инфляции сохраняются на повышенном уровне это может препятствовать ее устойчивому замедлению по оперативным данным российская экономика в 1к26 замедлилась в том числе из за подстройки к произошедшим налоговым изменениям также повлияло меньшее количество рабочих дней и неблагоприятные погодные условия инвестиционная активность остается сдержанной сохраняется тенденция на замедление роста потребительского спроса несмотря на некоторое оживление в марте с учетом того что динамика экономической активности в 1к26 во многом обусловлена разовыми факторами прогноз по росту ввп в 2026 году сохранен на уровне 0 5 1 5 напряженность на рынке труда постепенно снижается по данным опросов доля предприятий испытывающих дефицит кадров продолжает сокращаться и находится на минимальном значении с середины 2023 года компании планируют более умеренные индексации зарплат в 2026 году по сравнению с 2023 2025 годами при этом безработица остается на исторических минимумах а рост зарплат продолжает опережать рост производительности труда денежно кредитные условия немного смягчились но остаются жесткими процентные ставки уменьшились в большинстве сегментов финансового рынка неценовые условия банковского кредитования по прежнему жесткие кредитная активность сдержанная это в том числе связано с рекордно высоким авансированием госрасходов в 1к26 склонность домашних хозяйств к сбережению в целом остается высокой проинфляционные риски по прежнему преобладают над дезинфляционными на среднесрочном горизонте основные проинфляционные риски связаны с ухудшением перспектив мировой экономики и ростом ценового давления в мире на фоне усиления геополитической напряженности а также с высокими инфляционными ожиданиями и длительным периодом роста зарплат темпами выше роста производительности труда дезинфляционные риски связаны с более значительным замедлением внутреннего спроса банк россии исходит из объявленных параметров бюджетной политики они предполагают что на среднесрочном горизонте бюджетная политика будет способствовать замедлению инфляции в случае более высоких расходов сопровождаемых ростом структурного дефицита бюджета потребуется более жесткая денежно кредитная политика чем в базовом сценарии по итогам заседания совета директоров по ключевой ставке 24 апреля 2026 года банк россии обновил среднесрочный прогноз 7 мая 2026 года банк россии опубликует резюме обсуждения ключевой ставки и комментарий к среднесрочному прогнозу следующее заседание совета директоров банка россии на котором будет рассматриваться вопрос об уровне ключевой ставки запланировано на 19 июня 2026 года время публикации пресс релиза о решении совета директоров банка россии 13 30 по московскому времени заявление председателя банка россии эльвиры набиуллиной по итогам заседания совета директоров банка россии 24 апреля 2026 года,1.0,9367,"['банк', 'банк россии', 'кредит', 'риск']",[],4.2,84.0,,True,banking_product
rss-банк-россии-—-пресс-релизы-5,Банк России уточнил требования к обеспечению по кредитам Банка России (22.04.2026),https://www.cbr.ru/press/PR/?file=639124659359828774OBR.htm,Банк России — пресс-релизы,2026-04-22,"С 4 мая 2026 года Банк России сможет переводить нерыночные активы 1 между пулами обеспечения кредитных организаций в соответствии с установленной процедурой . На первом этапе перевод будет возможен только в рамках реорганизации кредитной организации. Минимальная сумма остатка основного долга по кредиту, передаваемому кредитной организацией в обеспечение по кредитам Банка России, увеличена с 2 до 5 млн рублей. Теперь информация о минимальной сумме будет размещаться на официальном сайте Банка России. Также кредитные организации смогут отзывать обращения об увеличении стоимости нерыночного актива в унифицированном формате электронных банковских сообщений (УФЭБС). Новая редакция Условий проведения операций по предоставлению и погашению кредитов Банка России, обеспеченных ценными бумагами или правами требования по кредитным договорам, будет применяться с 4 мая 2026 года. 1 Права требования по кредитным договорам.","С 4 мая 2026 года Банк России сможет переводить нерыночные активы 1 между пулами обеспечения кредитных организаций в соответствии с установленной процедурой . На первом этапе перевод будет возможен только в рамках реорганизации кредитной организации. Минимальная сумма остатка основного долга по кредиту, передаваемому кредитной организацией в обеспечение по кредитам Банка России, увеличена с 2 до 5 млн рублей. Теперь информация о минимальной сумме будет размещаться на официальном сайте Банка России. Также кредитные организации смогут отзывать обращения об увеличении стоимости нерыночного актива в унифицированном формате электронных банковских сообщений (УФЭБС). Новая редакция Условий проведения операций по предоставлению и погашению кредитов Банка России, обеспеченных ценными бумагами или правами требования по кредитным договорам, будет применяться с 4 мая 2026 года. 1 Права требования по кредитным договорам.",https://cbr.ru/press/PR?file=639124659359828774OBR.htm,cbr.ru,банк россии уточнил требования к обеспечению по кредитам банка россии 22 04 2026,банк россии уточнил требования к обеспечению по кредитам банка россии 22 04 2026 с 4 мая 2026 года банк россии сможет переводить нерыночные активы 1 между пулами обеспечения кредитных организаций в соответствии с установленной процедурой на первом этапе перевод будет возможен только в рамках реорганизации кредитной организации минимальная сумма остатка основного долга по кредиту передаваемому кредитной организацией в обеспечение по кредитам банка россии увеличена с 2 до 5 млн рублей теперь информация о минимальной сумме будет размещаться на официальном сайте банка россии также кредитные организации смогут отзывать обращения об увеличении стоимости нерыночного актива в унифицированном формате электронных банковских сообщений уфэбс новая редакция условий проведения операций по предоставлению и погашению кредитов банка россии обеспеченных ценными бумагами или правами требования по кредитным договорам будет применяться с 4 мая 2026 года 1 права требования по кредитным договорам,1.0,1843,"['банк', 'банк россии', 'кредит', 'перевод']",[],4.2,84.0,,True,regulation
rss-банк-россии-—-пресс-релизы-6,Результаты мониторинга максимальных процентных ставок кредитных организаций (21.04.2026),https://www.cbr.ru/press/PR/?file=639123797974313260BANK_SECTOR.htm,Банк России — пресс-релизы,2026-04-21,"Результаты мониторинга в апреле 2026 года максимальных процентных ставок по вкладам 1 в российских рублях десяти кредитных организаций 2 , привлекающих наибольший объём депозитов физических лиц: I декада апреля – 13,43%; II декада апреля – 13,39%. Сведения о динамике результатов мониторинга представлены на официальном сайте Банка России. Сведения о средних максимальных процентных ставках по вкладам по срокам привлечения приводятся справочно 3 . 1 При определении максимальной процентной ставки по каждой кредитной организации: – учитываются максимальные ставки по вкладам, доступным любому клиенту (в том числе потенциальному) без ограничений и предварительных условий. Вклады для выделенных категорий клиентов (пенсионеры, дети) и целей (на социальные и гуманитарные цели и т.п.) не рассматриваются; – не учитываются ставки с капитализацией процентов по вкладу; – не учитываются ставки, действующие при соблюдении определенных условий (регулярный оборот по банковской карте, постоянный неснижаемый остаток на банковской карте и т.п.); – не рассматриваются комбинированные депозитные продукты, т.е. вклады с дополнительными условиями. Такими дополнительными условиями начисления повышенной процентной ставки могут быть, например, приобретение инвестиционных паев на определенную сумму, открытие инвестиционного счета, оформление программы инвестиционного или накопительного страхования жизни, подключение дополнительного пакета услуг и т.п.; – не рассматриваются вклады, срок которых разделен на периоды с различными ставками. Индикатор средней максимальной процентной ставки рассчитывается как средняя арифметическая максимальных процентных ставок 10 кредитных организаций. 2 ПАО Сбербанк (1481) – www.sberbank.ru, Банк ВТБ (ПАО) (1000) – www.vtb.ru, Банк ГПБ (АО) (354) – www.gazprombank.ru, АО «Альфа-Банк» (1326) – alfabank.ru, АО «Россельхозбанк» (3349) – www.rshb.ru, АО «Банк Дом.РФ» (2312) – domrfbank.ru, ПАО «Московский кредитный банк» (1978) – mkb.ru, АО «ТБанк» (2673) – www.tbank.ru, ПАО «Промсвязьбанк» (3251) – psbank.ru, ПАО «Совкомбанк» (963) – sovcombank.ru. Мониторинг проведен Департаментом банковского регулирования и аналитики Банка России с использованием информации, представленной на указанных веб-сайтах. Публикуемый показатель является индикативным. 3 Средние максимальные процентные ставки по вкладам: на срок до 90 дней – 13,04%; на срок от 91 до 180 дней – 13,24%; на срок от 181 дня до 1 года – 12,68%; на срок свыше 1 года – 11,61%.","Результаты мониторинга в апреле 2026 года максимальных процентных ставок по вкладам 1 в российских рублях десяти кредитных организаций 2 , привлекающих наибольший объём депозитов физических лиц: I декада апреля – 13,43%; II декада апреля – 13,39%. Сведения о динамике результатов мониторинга представлены на официальном сайте Банка России. Сведения о средних максимальных процентных ставках по вкладам по срокам привлечения приводятся справочно 3 . 1 При определении максимальной процентной ставки по каждой кредитной организации: – учитываются максимальные ставки по вкладам, доступным любому клиенту (в том числе потенциальному) без ограничений и предварительных условий. Вклады для выделенных категорий клиентов (пенсионеры, дети) и целей (на социальные и гуманитарные цели и т.п.) не рассматриваются; – не учитываются ставки с капитализацией процентов по вкладу; – не учитываются ставки, действующие при соблюдении определенных условий (регулярный оборот по банковской карте, постоянный неснижаемый остаток на банковской карте и т.п.); – не рассматриваются комбинированные депозитные продукты, т.е. вклады с дополнительными условиями. Такими дополнительными условиями начисления повышенной процентной ставки могут быть, например, приобретение инвестиционных паев на определенную сумму, открытие инвестиционного счета, оформление программы инвестиционного или накопительного страхования жизни, подключение дополнительного пакета услуг и т.п.; – не рассматриваются вклады, срок которых разделен на периоды с различными ставками. Индикатор средней максимальной процентной ставки рассчитывается как средняя арифметическая максимальных процентных ставок 10 кредитных организаций. 2 ПАО Сбербанк (1481) – www.sberbank.ru, Банк ВТБ (ПАО) (1000) – www.vtb.ru, Банк ГПБ (АО) (354) – www.gazprombank.ru, АО «Альфа-Банк» (1326) – alfabank.ru, АО «Россельхозбанк» (3349) – www.rshb.ru, АО «Банк Дом.РФ» (2312) – domrfbank.ru, ПАО «Московский кредитный банк» (1978) – mkb.ru, АО «ТБанк» (2673) – www.tbank.ru, ПАО «Промсвязьбанк» (3251) – psbank.ru, ПАО «Совкомбанк» (963) – sovcombank.ru. Мониторинг проведен Департаментом банковского регулирования и аналитики Банка России с использованием информации, представленной на указанных веб-сайтах. Публикуемый показатель является индикативным. 3 Средние максимальные процентные ставки по вкладам: на срок до 90 дней – 13,04%; на срок от 91 до 180 дней – 13,24%; на срок от 181 дня до 1 года – 12,68%; на срок свыше 1 года – 11,61%.",https://cbr.ru/press/PR?file=639123797974313260BANK_SECTOR.htm,cbr.ru,результаты мониторинга максимальных процентных ставок кредитных организаций 21 04 2026,результаты мониторинга максимальных процентных ставок кредитных организаций 21 04 2026 результаты мониторинга в апреле 2026 года максимальных процентных ставок по вкладам 1 в российских рублях десяти кредитных организаций 2 привлекающих наибольший объём депозитов физических лиц i декада апреля 13 43 ii декада апреля 13 39 сведения о динамике результатов мониторинга представлены на официальном сайте банка россии сведения о средних максимальных процентных ставках по вкладам по срокам привлечения приводятся справочно 3 1 при определении максимальной процентной ставки по каждой кредитной организации учитываются максимальные ставки по вкладам доступным любому клиенту в том числе потенциальному без ограничений и предварительных условий вклады для выделенных категорий клиентов пенсионеры дети и целей на социальные и гуманитарные цели и т п не рассматриваются не учитываются ставки с капитализацией процентов по вкладу не учитываются ставки действующие при соблюдении определенных условий регулярный оборот по банковской карте постоянный неснижаемый остаток на банковской карте и т п не рассматриваются комбинированные депозитные продукты т е вклады с дополнительными условиями такими дополнительными условиями начисления повышенной процентной ставки могут быть например приобретение инвестиционных паев на определенную сумму открытие инвестиционного счета оформление программы инвестиционного или накопительного страхования жизни подключение дополнительного пакета услуг и т п не рассматриваются вклады срок которых разделен на периоды с различными ставками индикатор средней максимальной процентной ставки рассчитывается как средняя арифметическая максимальных процентных ставок 10 кредитных организаций 2 пао сбербанк 1481 www sberbank ru банк втб пао 1000 www vtb ru банк гпб ао 354 www gazprombank ru ао альфа банк 1326 alfabank ru ао россельхозбанк 3349 www rshb ru ао банк дом рф 2312 domrfbank ru пао московский кредитный банк 1978 mkb ru ао тбанк 2673 www tbank ru пао промсвязьбанк 3251 psbank ru пао совкомбанк 963 sovcombank ru мониторинг проведен департаментом банковского регулирования и аналитики банка россии с использованием информации представленной на указанных веб сайтах публикуемый показатель является индикативным 3 средние максимальные процентные ставки по вкладам на срок до 90 дней 13 04 на срок от 91 до 180 дней 13 24 на срок от 181 дня до 1 года 12 68 на срок свыше 1 года 11 61,1.0,4937,"['bank', 'банк', 'вклад', 'депозит', 'кредит']",[],4.75,95.0,,True,banking_product
rss-банк-россии-—-пресс-релизы-7,Результаты мониторинга максимальных процентных ставок кредитных организаций (15.04.2026),https://www.cbr.ru/press/PR/?file=639118568263020600BANK_SECTOR.htm,Банк России — пресс-релизы,2026-04-15,"Результаты мониторинга в апреле 2026 года максимальных процентных ставок по вкладам 1 в российских рублях десяти кредитных организаций 2 , привлекающих наибольший объём депозитов физических лиц: I декада апреля – 13,43%. Сведения о динамике результатов мониторинга представлены на официальном сайте Банка России. Сведения о средних максимальных процентных ставках по вкладам по срокам привлечения приводятся справочно 3 . 1 При определении максимальной процентной ставки по каждой кредитной организации: – учитываются максимальные ставки по вкладам, доступным любому клиенту (в том числе потенциальному) без ограничений и предварительных условий. Вклады для выделенных категорий клиентов (пенсионеры, дети) и целей (на социальные и гуманитарные цели и т.п.) не рассматриваются; – не учитываются ставки с капитализацией процентов по вкладу; – не учитываются ставки, действующие при соблюдении определенных условий (регулярный оборот по банковской карте, постоянный неснижаемый остаток на банковской карте и т.п.); – не рассматриваются комбинированные депозитные продукты, т.е. вклады с дополнительными условиями. Такими дополнительными условиями начисления повышенной процентной ставки могут быть, например, приобретение инвестиционных паев на определенную сумму, открытие инвестиционного счета, оформление программы инвестиционного или накопительного страхования жизни, подключение дополнительного пакета услуг и т.п.; – не рассматриваются вклады, срок которых разделен на периоды с различными ставками. Индикатор средней максимальной процентной ставки рассчитывается как средняя арифметическая максимальных процентных ставок 10 кредитных организаций. 2 ПАО Сбербанк (1481) – www.sberbank.ru, Банк ВТБ (ПАО) (1000) – www.vtb.ru, Банк ГПБ (АО) (354) – www.gazprombank.ru, АО «Альфа-Банк» (1326) – alfabank.ru, АО «Россельхозбанк» (3349) – www.rshb.ru, АО «Банк Дом.РФ» (2312) – domrfbank.ru, ПАО «Московский кредитный банк» (1978) – mkb.ru, АО «ТБанк» (2673) – www.tbank.ru, ПАО «Промсвязьбанк» (3251) – psbank.ru, ПАО «Совкомбанк» (963) – sovcombank.ru. Мониторинг проведен Департаментом банковского регулирования и аналитики Банка России с использованием информации, представленной на указанных веб-сайтах. Публикуемый показатель является индикативным. 3 Средние максимальные процентные ставки по вкладам: на срок до 90 дней – 13,06%; на срок от 91 до 180 дней – 13,28%; на срок от 181 дня до 1 года – 12,72%; на срок свыше 1 года – 11,63%.","Результаты мониторинга в апреле 2026 года максимальных процентных ставок по вкладам 1 в российских рублях десяти кредитных организаций 2 , привлекающих наибольший объём депозитов физических лиц: I декада апреля – 13,43%. Сведения о динамике результатов мониторинга представлены на официальном сайте Банка России. Сведения о средних максимальных процентных ставках по вкладам по срокам привлечения приводятся справочно 3 . 1 При определении максимальной процентной ставки по каждой кредитной организации: – учитываются максимальные ставки по вкладам, доступным любому клиенту (в том числе потенциальному) без ограничений и предварительных условий. Вклады для выделенных категорий клиентов (пенсионеры, дети) и целей (на социальные и гуманитарные цели и т.п.) не рассматриваются; – не учитываются ставки с капитализацией процентов по вкладу; – не учитываются ставки, действующие при соблюдении определенных условий (регулярный оборот по банковской карте, постоянный неснижаемый остаток на банковской карте и т.п.); – не рассматриваются комбинированные депозитные продукты, т.е. вклады с дополнительными условиями. Такими дополнительными условиями начисления повышенной процентной ставки могут быть, например, приобретение инвестиционных паев на определенную сумму, открытие инвестиционного счета, оформление программы инвестиционного или накопительного страхования жизни, подключение дополнительного пакета услуг и т.п.; – не рассматриваются вклады, срок которых разделен на периоды с различными ставками. Индикатор средней максимальной процентной ставки рассчитывается как средняя арифметическая максимальных процентных ставок 10 кредитных организаций. 2 ПАО Сбербанк (1481) – www.sberbank.ru, Банк ВТБ (ПАО) (1000) – www.vtb.ru, Банк ГПБ (АО) (354) – www.gazprombank.ru, АО «Альфа-Банк» (1326) – alfabank.ru, АО «Россельхозбанк» (3349) – www.rshb.ru, АО «Банк Дом.РФ» (2312) – domrfbank.ru, ПАО «Московский кредитный банк» (1978) – mkb.ru, АО «ТБанк» (2673) – www.tbank.ru, ПАО «Промсвязьбанк» (3251) – psbank.ru, ПАО «Совкомбанк» (963) – sovcombank.ru. Мониторинг проведен Департаментом банковского регулирования и аналитики Банка России с использованием информации, представленной на указанных веб-сайтах. Публикуемый показатель является индикативным. 3 Средние максимальные процентные ставки по вкладам: на срок до 90 дней – 13,06%; на срок от 91 до 180 дней – 13,28%; на срок от 181 дня до 1 года – 12,72%; на срок свыше 1 года – 11,63%.",https://cbr.ru/press/PR?file=639118568263020600BANK_SECTOR.htm,cbr.ru,результаты мониторинга максимальных процентных ставок кредитных организаций 15 04 2026,результаты мониторинга максимальных процентных ставок кредитных организаций 15 04 2026 результаты мониторинга в апреле 2026 года максимальных процентных ставок по вкладам 1 в российских рублях десяти кредитных организаций 2 привлекающих наибольший объём депозитов физических лиц i декада апреля 13 43 сведения о динамике результатов мониторинга представлены на официальном сайте банка россии сведения о средних максимальных процентных ставках по вкладам по срокам привлечения приводятся справочно 3 1 при определении максимальной процентной ставки по каждой кредитной организации учитываются максимальные ставки по вкладам доступным любому клиенту в том числе потенциальному без ограничений и предварительных условий вклады для выделенных категорий клиентов пенсионеры дети и целей на социальные и гуманитарные цели и т п не рассматриваются не учитываются ставки с капитализацией процентов по вкладу не учитываются ставки действующие при соблюдении определенных условий регулярный оборот по банковской карте постоянный неснижаемый остаток на банковской карте и т п не рассматриваются комбинированные депозитные продукты т е вклады с дополнительными условиями такими дополнительными условиями начисления повышенной процентной ставки могут быть например приобретение инвестиционных паев на определенную сумму открытие инвестиционного счета оформление программы инвестиционного или накопительного страхования жизни подключение дополнительного пакета услуг и т п не рассматриваются вклады срок которых разделен на периоды с различными ставками индикатор средней максимальной процентной ставки рассчитывается как средняя арифметическая максимальных процентных ставок 10 кредитных организаций 2 пао сбербанк 1481 www sberbank ru банк втб пао 1000 www vtb ru банк гпб ао 354 www gazprombank ru ао альфа банк 1326 alfabank ru ао россельхозбанк 3349 www rshb ru ао банк дом рф 2312 domrfbank ru пао московский кредитный банк 1978 mkb ru ао тбанк 2673 www tbank ru пао промсвязьбанк 3251 psbank ru пао совкомбанк 963 sovcombank ru мониторинг проведен департаментом банковского регулирования и аналитики банка россии с использованием информации представленной на указанных веб сайтах публикуемый показатель является индикативным 3 средние максимальные процентные ставки по вкладам на срок до 90 дней 13 06 на срок от 91 до 180 дней 13 28 на срок от 181 дня до 1 года 12 72 на срок свыше 1 года 11 63,1.0,4883,"['bank', 'банк', 'вклад', 'депозит', 'кредит']",[],4.75,95.0,,True,banking_product
rss-банк-россии-—-пресс-релизы-8,Совет директоров Банка России принял решение о включении ценных бумаг в Ломбардный список (15.04.2026),https://www.cbr.ru/press/PR/?file=639118405703397192DSD.htm,Банк России — пресс-релизы,2026-04-15,"Совет директоров Банка России 10 апреля 2026 года принял решение включить в Ломбардный список следующие ценные бумаги: государственные облигации Нижегородской области, имеющие государственный регистрационный номер выпуска RU34017NJG0; государственные облигации Новосибирской области, имеющие государственные регистрационные номера выпусков RU34027ANO0, RU34028ANO0; государственные облигации Республики Башкортостан, имеющие государственный регистрационный номер выпуска RU24017BAS0; государственные облигации Самарской области, имеющие государственный регистрационный номер выпуска RU34016SAM0; государственные облигации Ханты-Мансийского автономного округа – Югры, имеющие государственный регистрационный номер выпуска RU34002HMN0; государственные облигации Ямало-Ненецкого автономного округа, имеющие государственный регистрационный номер выпуска RU34005YML0; биржевые облигации Акционерной компании (публичного акционерного общества) «АЛРОСА», имеющие регистрационный номер выпуска 4B02-01-40046-N-002P; биржевые облигации акционерного общества «Атомный энергопромышленный комплекс», имеющие регистрационные номера выпусков 4B02-09-55319-E-001P, 4B02-10-55319-E-001P, 4B02-11-55319-E-001P; биржевые облигации Общества с ограниченной ответственностью «Газпром капитал», имеющие регистрационные номера выпусков 4B02-07-36400-R-003P, 4B02-19-36400-R-003P, 4B02-20-36400-R-003P, 4B02-21-36400-R-003P; биржевые облигации Публичного акционерного общества «Газпром нефть», имеющие регистрационные номера выпусков 4B02-03-00146-A-004P, 4B02-04-00146-A-004P, 4B02-05-00146-A-004P; биржевые облигации Публичного акционерного общества «Магнит», имеющие регистрационные номера выпусков 4B02-04-60525-P-005P, 4B02-05-60525-P-005P, 4B02-01-60525-P-006P; биржевые облигации Акционерного общества «Холдинговая компания «МЕТАЛЛОИНВЕСТ», имеющие регистрационные номера выпусков 4B02-03-25642-H-002P, 4B02-04-25642-H-002P; биржевые облигации Публичного акционерного общества «Мобильные ТелеСистемы», имеющие регистрационные номера выпусков 4B02-14-04715-A-002P, 4B02-15-04715-A-002P, 4B02-17-04715-A-002P; биржевые облигации Публичного акционерного общества «Горно-металлургическая компания «Норильский никель», имеющие регистрационный номер выпуска 4B02-16-40155-F-001P; биржевые облигации Публичного акционерного общества «Федеральная сетевая компания – Россети», имеющие регистрационные номера выпусков 4B02-18-65018-D-001P, 4B02-19-65018-D-001P; биржевые облигации Публичного акционерного общества «Россети Ленэнерго», имеющие регистрационный номер выпуска 4B02-01-00073-A-001P; биржевые облигации открытого акционерного общества «Российские железные дороги», имеющие регистрационные номера выпусков 4B02-30-65045-D-001P, 4B02-34-65045-D-001P, 4B02-39-65045-D-001P, 4B02-49-65045-D-001P, 4B02-50-65045-D-001P, 4B02-51-65045-D-001P; биржевые облигации Публичного акционерного общества «Ростелеком», имеющие регистрационные номера выпусков 4B02-19-00124-A-001P, 4B02-20-00124-A-001P, 4B02-21-00124-A-001P, 4B02-22-00124-A-001P, 4B02-23-00124-A-001P; биржевые облигации Публичного акционерного общества «Федеральная гидрогенерирующая компания – РусГидро», имеющие регистрационный номер выпуска 4B02-11-55038-E-002P; биржевые облигации Публичного акционерного общества «СИБУР Холдинг», имеющие регистрационный номер выпуска 4B02-09-65134-D-001P; биржевые облигации Общества с ограниченной ответственностью «ИКС 5 ФИНАНС», имеющие регистрационные номера выпусков 4B02-06-36241-R-003P, 4B02-15-36241-R-003P, 4B02-16-36241-R-003P, 4B02-17-36241-R-003P; биржевые облигации Публичного акционерного общества «ФосАгро», имеющие регистрационный номер выпуска 4B02-05-06556-A-002P; биржевые облигации Международной компании публичного акционерного общества «ЯНДЕКС», имеющие регистрационный номер выпуска 4B02-03-16777-A-001P; биржевые облигации акционерного общества «Федеральная пассажирская компания», имеющие идентификационный номер выпуска 4B02-05-55465-E-001P; биржевые облигации акционерного общества «Федеральная пассажирская компания», имеющие регистрационный номер выпуска 4B02-01-55465-E-002P; биржевые облигации Публичного акционерного общества «Акрон», имеющие регистрационные номера выпусков 4B02-01-00207-A-002P, 4B02-02-00207-A-002P; биржевые облигации Акционерного общества Холдинговой компании «Новотранс», имеющие регистрационные номера выпусков 4B02-01-12414-F-002P, 4B02-02-12414-F-002P; биржевые облигации Публичного акционерного общества «ТрансКонтейнер», имеющие регистрационный номер выпуска 4B02-02-55194-E-002P; биржевые облигации Акционерного общества «Группа компаний «Медси», имеющие регистрационный номер выпуска 4B02-04-62024-H-001P; биржевые облигации Публичного акционерного общества «Акционерная финансовая корпорация «Система», имеющие регистрационные номера выпусков 4B02-06-01669-A-002P, 4B02-07-01669-A-002P, 4B02-12-01669-A-002P; биржевые жилищные облигации с ипотечным покрытием Общества с ограниченной ответственностью «ДОМ.РФ Ипотечный агент», имеющие регистрационные номера выпусков 4B02-57-00307-R-001P, 4B02-60-00307-R-001P; биржевые облигации с ипотечным покрытием Общества с ограниченной ответственностью «ДОМ.РФ Ипотечный агент», имеющие регистрационные номера выпусков 4B02-58-00307-R-001P, 4B02-59-00307-R-001P, 4B02-61-00307-R-001P; биржевые облигации Публичного акционерного общества «Россети Волга», имеющие регистрационный номер выпуска 4B02-01-04247-E-001P; биржевые облигации Акционерного общества Группы компаний «Азот», имеющие регистрационные номера выпусков 4B02-01-55254-E-001P, 4B02-02-55254-E-001P; биржевые облигации Общества с ограниченной ответственностью «А101», имеющие регистрационные номера выпусков 4B02-02-00143-L-001P, 4B02-03-00143-L-001P. Банк России также принял решение об исключении из Ломбардного списка облигаций эмитента, ограничивающего раскрытие информации и не имеющего двух кредитных рейтингов, соответствующих требованиям Банка России. Информация о перечне ценных бумаг, входящих в Ломбардный список, приведена в материале «Ломбардный список Банка России» .","Совет директоров Банка России 10 апреля 2026 года принял решение включить в Ломбардный список следующие ценные бумаги: государственные облигации Нижегородской области, имеющие государственный регистрационный номер выпуска RU34017NJG0; государственные облигации Новосибирской области, имеющие государственные регистрационные номера выпусков RU34027ANO0, RU34028ANO0; государственные облигации Республики Башкортостан, имеющие государственный регистрационный номер выпуска RU24017BAS0; государственные облигации Самарской области, имеющие государственный регистрационный номер выпуска RU34016SAM0; государственные облигации Ханты-Мансийского автономного округа – Югры, имеющие государственный регистрационный номер выпуска RU34002HMN0; государственные облигации Ямало-Ненецкого автономного округа, имеющие государственный регистрационный номер выпуска RU34005YML0; биржевые облигации Акционерной компании (публичного акционерного общества) «АЛРОСА», имеющие регистрационный номер выпуска 4B02-01-40046-N-002P; биржевые облигации акционерного общества «Атомный энергопромышленный комплекс», имеющие регистрационные номера выпусков 4B02-09-55319-E-001P, 4B02-10-55319-E-001P, 4B02-11-55319-E-001P; биржевые облигации Общества с ограниченной ответственностью «Газпром капитал», имеющие регистрационные номера выпусков 4B02-07-36400-R-003P, 4B02-19-36400-R-003P, 4B02-20-36400-R-003P, 4B02-21-36400-R-003P; биржевые облигации Публичного акционерного общества «Газпром нефть», имеющие регистрационные номера выпусков 4B02-03-00146-A-004P, 4B02-04-00146-A-004P, 4B02-05-00146-A-004P; биржевые облигации Публичного акционерного общества «Магнит», имеющие регистрационные номера выпусков 4B02-04-60525-P-005P, 4B02-05-60525-P-005P, 4B02-01-60525-P-006P; биржевые облигации Акционерного общества «Холдинговая компания «МЕТАЛЛОИНВЕСТ», имеющие регистрационные номера выпусков 4B02-03-25642-H-002P, 4B02-04-25642-H-002P; биржевые облигации Публичного акционерного общества «Мобильные ТелеСистемы», имеющие регистрационные номера выпусков 4B02-14-04715-A-002P, 4B02-15-04715-A-002P, 4B02-17-04715-A-002P; биржевые облигации Публичного акционерного общества «Горно-металлургическая компания «Норильский никель», имеющие регистрационный номер выпуска 4B02-16-40155-F-001P; биржевые облигации Публичного акционерного общества «Федеральная сетевая компания – Россети», имеющие регистрационные номера выпусков 4B02-18-65018-D-001P, 4B02-19-65018-D-001P; биржевые облигации Публичного акционерного общества «Россети Ленэнерго», имеющие регистрационный номер выпуска 4B02-01-00073-A-001P; биржевые облигации открытого акционерного общества «Российские железные дороги», имеющие регистрационные номера выпусков 4B02-30-65045-D-001P, 4B02-34-65045-D-001P, 4B02-39-65045-D-001P, 4B02-49-65045-D-001P, 4B02-50-65045-D-001P, 4B02-51-65045-D-001P; биржевые облигации Публичного акционерного общества «Ростелеком», имеющие регистрационные номера выпусков 4B02-19-00124-A-001P, 4B02-20-00124-A-001P, 4B02-21-00124-A-001P, 4B02-22-00124-A-001P, 4B02-23-00124-A-001P; биржевые облигации Публичного акционерного общества «Федеральная гидрогенерирующая компания – РусГидро», имеющие регистрационный номер выпуска 4B02-11-55038-E-002P; биржевые облигации Публичного акционерного общества «СИБУР Холдинг», имеющие регистрационный номер выпуска 4B02-09-65134-D-001P; биржевые облигации Общества с ограниченной ответственностью «ИКС 5 ФИНАНС», имеющие регистрационные номера выпусков 4B02-06-36241-R-003P, 4B02-15-36241-R-003P, 4B02-16-36241-R-003P, 4B02-17-36241-R-003P; биржевые облигации Публичного акционерного общества «ФосАгро», имеющие регистрационный номер выпуска 4B02-05-06556-A-002P; биржевые облигации Международной компании публичного акционерного общества «ЯНДЕКС», имеющие регистрационный номер выпуска 4B02-03-16777-A-001P; биржевые облигации акционерного общества «Федеральная пассажирская компания», имеющие идентификационный номер выпуска 4B02-05-55465-E-001P; биржевые облигации акционерного общества «Федеральная пассажирская компания», имеющие регистрационный номер выпуска 4B02-01-55465-E-002P; биржевые облигации Публичного акционерного общества «Акрон», имеющие регистрационные номера выпусков 4B02-01-00207-A-002P, 4B02-02-00207-A-002P; биржевые облигации Акционерного общества Холдинговой компании «Новотранс», имеющие регистрационные номера выпусков 4B02-01-12414-F-002P, 4B02-02-12414-F-002P; биржевые облигации Публичного акционерного общества «ТрансКонтейнер», имеющие регистрационный номер выпуска 4B02-02-55194-E-002P; биржевые облигации Акционерного общества «Группа компаний «Медси», имеющие регистрационный номер выпуска 4B02-04-62024-H-001P; биржевые облигации Публичного акционерного общества «Акционерная финансовая корпорация «Система», имеющие регистрационные номера выпусков 4B02-06-01669-A-002P, 4B02-07-01669-A-002P, 4B02-12-01669-A-002P; биржевые жилищные облигации с ипотечным покрытием Общества с ограниченной ответственностью «ДОМ.РФ Ипотечный агент», имеющие регистрационные номера выпусков 4B02-57-00307-R-001P, 4B02-60-00307-R-001P; биржевые облигации с ипотечным покрытием Общества с ограниченной ответственностью «ДОМ.РФ Ипотечный агент», имеющие регистрационные номера выпусков 4B02-58-00307-R-001P, 4B02-59-00307-R-001P, 4B02-61-00307-R-001P; биржевые облигации Публичного акционерного общества «Россети Волга», имеющие регистрационный номер выпуска 4B02-01-04247-E-001P; биржевые облигации Акционерного общества Группы компаний «Азот», имеющие регистрационные номера выпусков 4B02-01-55254-E-001P, 4B02-02-55254-E-001P; биржевые облигации Общества с ограниченной ответственностью «А101», имеющие регистрационные номера выпусков 4B02-02-00143-L-001P, 4B02-03-00143-L-001P. Банк России также принял решение об исключении из Ломбардного списка облигаций эмитента, ограничивающего раскрытие информации и не имеющего двух кредитных рейтингов, соответствующих требованиям Банка России. Информация о перечне ценных бумаг, входящих в Ломбардный список, приведена в материале «Ломбардный список Банка России» .",https://cbr.ru/press/PR?file=639118405703397192DSD.htm,cbr.ru,совет директоров банка россии принял решение о включении ценных бумаг в ломбардный список 15 04 2026,совет директоров банка россии принял решение о включении ценных бумаг в ломбардный список 15 04 2026 совет директоров банка россии 10 апреля 2026 года принял решение включить в ломбардный список следующие ценные бумаги государственные облигации нижегородской области имеющие государственный регистрационный номер выпуска ru34017njg0 государственные облигации новосибирской области имеющие государственные регистрационные номера выпусков ru34027ano0 ru34028ano0 государственные облигации республики башкортостан имеющие государственный регистрационный номер выпуска ru24017bas0 государственные облигации самарской области имеющие государственный регистрационный номер выпуска ru34016sam0 государственные облигации ханты мансийского автономного округа югры имеющие государственный регистрационный номер выпуска ru34002hmn0 государственные облигации ямало ненецкого автономного округа имеющие государственный регистрационный номер выпуска ru34005yml0 биржевые облигации акционерной компании публичного акционерного общества алроса имеющие регистрационный номер выпуска 4b02 01 40046 n 002p биржевые облигации акционерного общества атомный энергопромышленный комплекс имеющие регистрационные номера выпусков 4b02 09 55319 e 001p 4b02 10 55319 e 001p 4b02 11 55319 e 001p биржевые облигации общества с ограниченной ответственностью газпром капитал имеющие регистрационные номера выпусков 4b02 07 36400 r 003p 4b02 19 36400 r 003p 4b02 20 36400 r 003p 4b02 21 36400 r 003p биржевые облигации публичного акционерного общества газпром нефть имеющие регистрационные номера выпусков 4b02 03 00146 004p 4b02 04 00146 004p 4b02 05 00146 004p биржевые облигации публичного акционерного общества магнит имеющие регистрационные номера выпусков 4b02 04 60525 p 005p 4b02 05 60525 p 005p 4b02 01 60525 p 006p биржевые облигации акционерного общества холдинговая компания металлоинвест имеющие регистрационные номера выпусков 4b02 03 25642 h 002p 4b02 04 25642 h 002p биржевые облигации публичного акционерного общества мобильные телесистемы имеющие регистрационные номера выпусков 4b02 14 04715 002p 4b02 15 04715 002p 4b02 17 04715 002p биржевые облигации публичного акционерного общества горно металлургическая компания норильский никель имеющие регистрационный номер выпуска 4b02 16 40155 f 001p биржевые облигации публичного акционерного общества федеральная сетевая компания россети имеющие регистрационные номера выпусков 4b02 18 65018 d 001p 4b02 19 65018 d 001p биржевые облигации публичного акционерного общества россети ленэнерго имеющие регистрационный номер выпуска 4b02 01 00073 001p биржевые облигации открытого акционерного общества российские железные дороги имеющие регистрационные номера выпусков 4b02 30 65045 d 001p 4b02 34 65045 d 001p 4b02 39 65045 d 001p 4b02 49 65045 d 001p 4b02 50 65045 d 001p 4b02 51 65045 d 001p биржевые облигации публичного акционерного общества ростелеком имеющие регистрационные номера выпусков 4b02 19 00124 001p 4b02 20 00124 001p 4b02 21 00124 001p 4b02 22 00124 001p 4b02 23 00124 001p биржевые облигации публичного акционерного общества федеральная гидрогенерирующая компания русгидро имеющие регистрационный номер выпуска 4b02 11 55038 e 002p биржевые облигации публичного акционерного общества сибур холдинг имеющие регистрационный номер выпуска 4b02 09 65134 d 001p биржевые облигации общества с ограниченной ответственностью икс 5 финанс имеющие регистрационные номера выпусков 4b02 06 36241 r 003p 4b02 15 36241 r 003p 4b02 16 36241 r 003p 4b02 17 36241 r 003p биржевые облигации публичного акционерного общества фосагро имеющие регистрационный номер выпуска 4b02 05 06556 002p биржевые облигации международной компании публичного акционерного общества яндекс имеющие регистрационный номер выпуска 4b02 03 16777 001p биржевые облигации акционерного общества федеральная пассажирская компания имеющие идентификационный номер выпуска 4b02 05 55465 e 001p биржевые облигации акционерного общества федеральная пассажирская компания имеющие регистрационный номер выпуска 4b02 01 55465 e 002p биржевые облигации публичного акционерного общества акрон имеющие регистрационные номера выпусков 4b02 01 00207 002p 4b02 02 00207 002p биржевые облигации акционерного общества холдинговой компании новотранс имеющие регистрационные номера выпусков 4b02 01 12414 f 002p 4b02 02 12414 f 002p биржевые облигации публичного акционерного общества трансконтейнер имеющие регистрационный номер выпуска 4b02 02 55194 e 002p биржевые облигации акционерного общества группа компаний медси имеющие регистрационный номер выпуска 4b02 04 62024 h 001p биржевые облигации публичного акционерного общества акционерная финансовая корпорация система имеющие регистрационные номера выпусков 4b02 06 01669 002p 4b02 07 01669 002p 4b02 12 01669 002p биржевые жилищные облигации с ипотечным покрытием общества с ограниченной ответственностью дом рф ипотечный агент имеющие регистрационные номера выпусков 4b02 57 00307 r 001p 4b02 60 00307 r 001p биржевые облигации с ипотечным покрытием общества с ограниченной ответственностью дом рф ипотечный агент имеющие регистрационные номера выпусков 4b02 58 00307 r 001p 4b02 59 00307 r 001p 4b02 61 00307 r 001p биржевые облигации публичного акционерного общества россети волга имеющие регистрационный номер выпуска 4b02 01 04247 e 001p биржевые облигации акционерного общества группы компаний азот имеющие регистрационные номера выпусков 4b02 01 55254 e 001p 4b02 02 55254 e 001p биржевые облигации общества с ограниченной ответственностью а101 имеющие регистрационные номера выпусков 4b02 02 00143 l 001p 4b02 03 00143 l 001p банк россии также принял решение об исключении из ломбардного списка облигаций эмитента ограничивающего раскрытие информации и не имеющего двух кредитных рейтингов соответствующих требованиям банка россии информация о перечне ценных бумаг входящих в ломбардный список приведена в материале ломбардный список банка россии,1.0,12041,"['банк', 'банк россии', 'кредит']",[],3.65,73.0,,True,regulation
rss-банк-россии-—-пресс-релизы-9,Орден для солдат (15.04.2026),https://www.cbr.ru/press/PR/?file=639118455123080327COINS.htm,Банк России — пресс-релизы,2026-04-15,"Орден Славы был учрежден 8 ноября 1943 года и имел три степени. Его вручали рядовому и сержантскому составу Красной армии, а также младшим лейтенантам в авиации исключительно за личные заслуги, проявленные в боях. Банк России 16 апреля 2026 года выпускает в обращение памятную серебряную монету номиналом 3 рубля «Орден Славы» серии «Победа советского народа в Великой Отечественной войне 1941–1945 гг.» (каталожный № 5111-0535). Серебряная монета номиналом 3 рубля (масса драгоценного металла в чистоте – 31,1 г, проба сплава – 925) имеет форму круга диаметром 39,0 мм. С лицевой и оборотной сторон монеты по окружности имеется выступающий кант. На лицевой стороне монеты расположено рельефное изображение Государственного герба Российской Федерации, имеются надписи: «РОССИЙСКАЯ ФЕДЕРАЦИЯ», «БАНК РОССИИ», номинал монеты «3 РУБЛЯ», год выпуска «2026 г.», обозначение металла по Периодической системе элементов Д.И. Менделеева, проба сплава, товарный знак Санкт-Петербургского монетного двора и масса драгоценного металла в чистоте. На оборотной стороне монеты расположено выполненное в рельефе и цвете изображение ордена Славы I, II и III степени, под ним – рельефные изображения Вечного огня на Могиле Неизвестного Солдата и лавровых ветвей; вверху по окружности – надпись: «ОРДЕН СЛАВЫ». Боковая поверхность монеты рифленая. Монета изготовлена качеством «пруф». Тираж монеты – 3,0 тыс. штук. Выпускаемая монета является законным средством наличного платежа на территории Российской Федерации и обязательна к приему по номиналу во все виды платежей без ограничений.","Орден Славы был учрежден 8 ноября 1943 года и имел три степени. Его вручали рядовому и сержантскому составу Красной армии, а также младшим лейтенантам в авиации исключительно за личные заслуги, проявленные в боях. Банк России 16 апреля 2026 года выпускает в обращение памятную серебряную монету номиналом 3 рубля «Орден Славы» серии «Победа советского народа в Великой Отечественной войне 1941–1945 гг.» (каталожный № 5111-0535). Серебряная монета номиналом 3 рубля (масса драгоценного металла в чистоте – 31,1 г, проба сплава – 925) имеет форму круга диаметром 39,0 мм. С лицевой и оборотной сторон монеты по окружности имеется выступающий кант. На лицевой стороне монеты расположено рельефное изображение Государственного герба Российской Федерации, имеются надписи: «РОССИЙСКАЯ ФЕДЕРАЦИЯ», «БАНК РОССИИ», номинал монеты «3 РУБЛЯ», год выпуска «2026 г.», обозначение металла по Периодической системе элементов Д.И. Менделеева, проба сплава, товарный знак Санкт-Петербургского монетного двора и масса драгоценного металла в чистоте. На оборотной стороне монеты расположено выполненное в рельефе и цвете изображение ордена Славы I, II и III степени, под ним – рельефные изображения Вечного огня на Могиле Неизвестного Солдата и лавровых ветвей; вверху по окружности – надпись: «ОРДЕН СЛАВЫ». Боковая поверхность монеты рифленая. Монета изготовлена качеством «пруф». Тираж монеты – 3,0 тыс. штук. Выпускаемая монета является законным средством наличного платежа на территории Российской Федерации и обязательна к приему по номиналу во все виды платежей без ограничений.",https://cbr.ru/press/PR?file=639118455123080327COINS.htm,cbr.ru,орден для солдат 15 04 2026,орден для солдат 15 04 2026 орден славы был учрежден 8 ноября 1943 года и имел три степени его вручали рядовому и сержантскому составу красной армии а также младшим лейтенантам в авиации исключительно за личные заслуги проявленные в боях банк россии 16 апреля 2026 года выпускает в обращение памятную серебряную монету номиналом 3 рубля орден славы серии победа советского народа в великой отечественной войне 1941 1945 гг каталожный 5111 0535 серебряная монета номиналом 3 рубля масса драгоценного металла в чистоте 31 1 г проба сплава 925 имеет форму круга диаметром 39 0 мм с лицевой и оборотной сторон монеты по окружности имеется выступающий кант на лицевой стороне монеты расположено рельефное изображение государственного герба российской федерации имеются надписи российская федерация банк россии номинал монеты 3 рубля год выпуска 2026 г обозначение металла по периодической системе элементов д и менделеева проба сплава товарный знак санкт петербургского монетного двора и масса драгоценного металла в чистоте на оборотной стороне монеты расположено выполненное в рельефе и цвете изображение ордена славы i ii и iii степени под ним рельефные изображения вечного огня на могиле неизвестного солдата и лавровых ветвей вверху по окружности надпись орден славы боковая поверхность монеты рифленая монета изготовлена качеством пруф тираж монеты 3 0 тыс штук выпускаемая монета является законным средством наличного платежа на территории российской федерации и обязательна к приему по номиналу во все виды платежей без ограничений,1.0,3137,"['банк', 'банк россии', 'платеж']","['монета', 'номиналом', 'орден', 'серебряная монета']",3.65,73.0,"публикация Банка России, но не финтех/банковский продуктовый сигнал",False,regulation
rss-банк-россии-—-пресс-релизы-10,В память о подвигах в Великой Отечественной войне (15.04.2026),https://www.cbr.ru/press/PR/?file=639118458657155391COINS.htm,Банк России — пресс-релизы,2026-04-15,"Банк России 16 апреля 2026 года выпускает в обращение памятные серебряные монеты номиналом 2 рубля серии «Герои Великой Отечественной войны 1941–1945 гг.»: – «И.А. Плиев»; – «А.П. Маресьев». Исса Плиев – выдающийся полководец, дважды Герой Советского Союза. Его называли мастером стремительных атак. Во время Великой Отечественной войны он участвовал почти во всех судьбоносных сражениях: за Москву, Сталинград, Курск, был задействован в Будапештской и Пражской операциях. Свою первую Звезду Плиев получил в 1944 году за форсирование реки Южный Буг, а вторую – за успехи в разгроме Квантунской армии в Маньчжурии в 1945 году. Алексей Маресьев – легендарный советский летчик-истребитель. Он был ранен и сбит в схватке с неприятелем. Ему понадобилось 18 дней, чтобы ползком добраться до своих. Из-за полученного обморожения он лишился обеих ног. Но потом встал на протезы и вернулся к боевым полетам. Его история вдохновила Бориса Полевого написать «Повесть о настоящем человеке». В июле 1943 года Маресьев сумел прикрыть двух советских летчиков и сбить одновременно два истребителя противника, за что ему было присвоено звание Героя Советского Союза. Серебряные монеты номиналом 2 рубля (масса драгоценного металла в чистоте – 15,55 г, проба сплава – 925) имеют форму круга диаметром 33,0 мм. С лицевой и оборотной сторон монет по окружности имеется выступающий кант. На лицевой стороне монет расположено рельефное изображение Государственного герба Российской Федерации, имеются надписи: «РОССИЙСКАЯ ФЕДЕРАЦИЯ», «БАНК РОССИИ», номинал монет «2 РУБЛЯ», год выпуска «2026 г.», обозначение металла по Периодической системе элементов Д.И. Менделеева, проба сплава, товарный знак Санкт-Петербургского монетного двора и масса драгоценного металла в чистоте. На оборотной стороне: – монеты «И.А. Плиев» (каталожный № 5110-0193) расположены рельефные изображения портрета дважды Героя Советского Союза И.А. Плиева и медалей «Золотая звезда» на фоне выполненных в технике лазерного матирования изображений И.А. Плиева на коне и группы всадников; под портретом – надпись: «И.А. ПЛИЕВ». – монеты «А.П. Маресьев» (каталожный № 5110-0194) расположены рельефные изображения портрета Героя Советского Союза А.П. Маресьева и медали «Золотая звезда» на фоне выполненных в технике лазерного матирования силуэта летящего самолета и стилизованных изображений следов полета; под портретом – надпись: «А.П. МАРЕСЬЕВ». Боковая поверхность монет рифленая. Монеты изготовлены качеством «пруф». Тираж монет – 3,0 тыс. штук каждая. Выпускаемые монеты являются законным средством наличного платежа на территории Российской Федерации и обязательны к приему по номиналу во все виды платежей без ограничений.","Банк России 16 апреля 2026 года выпускает в обращение памятные серебряные монеты номиналом 2 рубля серии «Герои Великой Отечественной войны 1941–1945 гг.»: – «И.А. Плиев»; – «А.П. Маресьев». Исса Плиев – выдающийся полководец, дважды Герой Советского Союза. Его называли мастером стремительных атак. Во время Великой Отечественной войны он участвовал почти во всех судьбоносных сражениях: за Москву, Сталинград, Курск, был задействован в Будапештской и Пражской операциях. Свою первую Звезду Плиев получил в 1944 году за форсирование реки Южный Буг, а вторую – за успехи в разгроме Квантунской армии в Маньчжурии в 1945 году. Алексей Маресьев – легендарный советский летчик-истребитель. Он был ранен и сбит в схватке с неприятелем. Ему понадобилось 18 дней, чтобы ползком добраться до своих. Из-за полученного обморожения он лишился обеих ног. Но потом встал на протезы и вернулся к боевым полетам. Его история вдохновила Бориса Полевого написать «Повесть о настоящем человеке». В июле 1943 года Маресьев сумел прикрыть двух советских летчиков и сбить одновременно два истребителя противника, за что ему было присвоено звание Героя Советского Союза. Серебряные монеты номиналом 2 рубля (масса драгоценного металла в чистоте – 15,55 г, проба сплава – 925) имеют форму круга диаметром 33,0 мм. С лицевой и оборотной сторон монет по окружности имеется выступающий кант. На лицевой стороне монет расположено рельефное изображение Государственного герба Российской Федерации, имеются надписи: «РОССИЙСКАЯ ФЕДЕРАЦИЯ», «БАНК РОССИИ», номинал монет «2 РУБЛЯ», год выпуска «2026 г.», обозначение металла по Периодической системе элементов Д.И. Менделеева, проба сплава, товарный знак Санкт-Петербургского монетного двора и масса драгоценного металла в чистоте. На оборотной стороне: – монеты «И.А. Плиев» (каталожный № 5110-0193) расположены рельефные изображения портрета дважды Героя Советского Союза И.А. Плиева и медалей «Золотая звезда» на фоне выполненных в технике лазерного матирования изображений И.А. Плиева на коне и группы всадников; под портретом – надпись: «И.А. ПЛИЕВ». – монеты «А.П. Маресьев» (каталожный № 5110-0194) расположены рельефные изображения портрета Героя Советского Союза А.П. Маресьева и медали «Золотая звезда» на фоне выполненных в технике лазерного матирования силуэта летящего самолета и стилизованных изображений следов полета; под портретом – надпись: «А.П. МАРЕСЬЕВ». Боковая поверхность монет рифленая. Монеты изготовлены качеством «пруф». Тираж монет – 3,0 тыс. штук каждая. Выпускаемые монеты являются законным средством наличного платежа на территории Российской Федерации и обязательны к приему по номиналу во все виды платежей без ограничений.",https://cbr.ru/press/PR?file=639118458657155391COINS.htm,cbr.ru,в память о подвигах в великой отечественной войне 15 04 2026,в память о подвигах в великой отечественной войне 15 04 2026 банк россии 16 апреля 2026 года выпускает в обращение памятные серебряные монеты номиналом 2 рубля серии герои великой отечественной войны 1941 1945 гг и а плиев а п маресьев исса плиев выдающийся полководец дважды герой советского союза его называли мастером стремительных атак во время великой отечественной войны он участвовал почти во всех судьбоносных сражениях за москву сталинград курск был задействован в будапештской и пражской операциях свою первую звезду плиев получил в 1944 году за форсирование реки южный буг а вторую за успехи в разгроме квантунской армии в маньчжурии в 1945 году алексей маресьев легендарный советский летчик истребитель он был ранен и сбит в схватке с неприятелем ему понадобилось 18 дней чтобы ползком добраться до своих из за полученного обморожения он лишился обеих ног но потом встал на протезы и вернулся к боевым полетам его история вдохновила бориса полевого написать повесть о настоящем человеке в июле 1943 года маресьев сумел прикрыть двух советских летчиков и сбить одновременно два истребителя противника за что ему было присвоено звание героя советского союза серебряные монеты номиналом 2 рубля масса драгоценного металла в чистоте 15 55 г проба сплава 925 имеют форму круга диаметром 33 0 мм с лицевой и оборотной сторон монет по окружности имеется выступающий кант на лицевой стороне монет расположено рельефное изображение государственного герба российской федерации имеются надписи российская федерация банк россии номинал монет 2 рубля год выпуска 2026 г обозначение металла по периодической системе элементов д и менделеева проба сплава товарный знак санкт петербургского монетного двора и масса драгоценного металла в чистоте на оборотной стороне монеты и а плиев каталожный 5110 0193 расположены рельефные изображения портрета дважды героя советского союза и а плиева и медалей золотая звезда на фоне выполненных в технике лазерного матирования изображений и а плиева на коне и группы всадников под портретом надпись и а плиев монеты а п маресьев каталожный 5110 0194 расположены рельефные изображения портрета героя советского союза а п маресьева и медали золотая звезда на фоне выполненных в технике лазерного матирования силуэта летящего самолета и стилизованных изображений следов полета под портретом надпись а п маресьев боковая поверхность монет рифленая монеты изготовлены качеством пруф тираж монет 3 0 тыс штук каждая выпускаемые монеты являются законным средством наличного платежа на территории российской федерации и обязательны к приему по номиналу во все виды платежей без ограничений,1.0,5355,"['банк', 'банк россии', 'платеж']","['курс', 'номиналом']",3.65,73.0,"публикация Банка России, но не финтех/банковский продуктовый сигнал",False,regulation
rss-рбк-—-новости-1,Скончался телеведущий Владимир Молчанов,https://www.rbc.ru/society/13/05/2026/6a039fbf9a79477071f5e81f,РБК — новости,2026-05-13,Журналист и ведущий телепрограммы «До и после полуночи» Владимир Молчанов скончался.,Журналист и ведущий телепрограммы «До и после полуночи» Владимир Молчанов скончался.,https://rbc.ru/society/13/05/2026/6a039fbf9a79477071f5e81f,rbc.ru,скончался телеведущий владимир молчанов,скончался телеведущий владимир молчанов журналист и ведущий телепрограммы до и после полуночи владимир молчанов скончался,0.72,169,[],[],1.72,34.4,too few fintech/product signals,False,other
rss-рбк-—-новости-2,Экс-замминистр природы Буцаев объявлен в розыск,https://www.rbc.ru/society/13/05/2026/6a039cd99a7947465dbb33ed,РБК — новости,2026-05-13,Бывший заместитель министра природных ресурсов и экологии Денис Буцаев объявлен в розыск.,Бывший заместитель министра природных ресурсов и экологии Денис Буцаев объявлен в розыск.,https://rbc.ru/society/13/05/2026/6a039cd99a7947465dbb33ed,rbc.ru,экс замминистр природы буцаев объявлен в розыск,экс замминистр природы буцаев объявлен в розыск бывший заместитель министра природных ресурсов и экологии денис буцаев объявлен в розыск,0.72,179,[],[],1.72,34.4,too few fintech/product signals,False,other
rss-рбк-—-новости-3,Пожар начался рядом с Измайловским кремлем в Москве,https://www.rbc.ru/rbcfreenews/6a039d569a7947ae26c2cf32,РБК — новости,2026-05-13,"В Москве тушат пожар на улице Вернисажная, сообщила пресс-служба столичного МЧС.","В Москве тушат пожар на улице Вернисажная, сообщила пресс-служба столичного МЧС.",https://rbc.ru/rbcfreenews/6a039d569a7947ae26c2cf32,rbc.ru,пожар начался рядом с измайловским кремлем в москве,пожар начался рядом с измайловским кремлем в москве в москве тушат пожар на улице вернисажная сообщила пресс служба столичного мчс,0.72,161,[],[],1.72,34.4,too few fintech/product signals,False,other
rss-рбк-—-новости-4,NBC узнал об идее Пентагона назвать новую операцию против Ирана «Кувалда»,https://www.rbc.ru/politics/13/05/2026/6a038d109a7947f2af587421,РБК — новости,2026-05-13,"Пентагон обсуждает переименование операции против Ирана в «Кувалду» на случай возобновления боевых действий, сообщает NBC. Это должно подчеркнуть готовность администрации США возобновить военную кампанию, отмечает телеканал","Пентагон обсуждает переименование операции против Ирана в «Кувалду» на случай возобновления боевых действий, сообщает NBC. Это должно подчеркнуть готовность администрации США возобновить военную кампанию, отмечает телеканал",https://rbc.ru/politics/13/05/2026/6a038d109a7947f2af587421,rbc.ru,nbc узнал об идее пентагона назвать новую операцию против ирана кувалда,nbc узнал об идее пентагона назвать новую операцию против ирана кувалда пентагон обсуждает переименование операции против ирана в кувалду на случай возобновления боевых действий сообщает nbc это должно подчеркнуть готовность администрации сша возобновить военную кампанию отмечает телеканал,0.72,447,[],[],1.72,34.4,too few fintech/product signals,False,other
rss-рбк-—-новости-5,"Mizan сообщило, что Иран подал иск против США в суд в Гааге",https://www.rbc.ru/rbcfreenews/6a0398d69a79475a678ac086,РБК — новости,2026-05-13,"Правительство Иран подало иск против Соединенных Штатов в арбитражный суд в Гааге, передает агентство Mizan.","Правительство Иран подало иск против Соединенных Штатов в арбитражный суд в Гааге, передает агентство Mizan.",https://rbc.ru/rbcfreenews/6a0398d69a79475a678ac086,rbc.ru,mizan сообщило что иран подал иск против сша в суд в гааге,mizan сообщило что иран подал иск против сша в суд в гааге правительство иран подало иск против соединенных штатов в арбитражный суд в гааге передает агентство mizan,0.72,217,[],[],1.72,34.4,too few fintech/product signals,False,other
rss-рбк-—-новости-6,"Джексон, Фонда и звезды «Эмили в Париже». Открытие фестиваля в Каннах",https://www.rbc.ru/photoreport/13/05/2026/6a0365fc9a79476bad8b5dda,РБК — новости,2026-05-13,79-й кинофестиваль в Каннах открылся вручением Питеру Джексону почетной «Золотой пальмовой ветви» и выступлением Джейн Фоды с речью о кино как сопротивлении. Кто еще был на красной дорожке кинофестиваля — в фотогалерее,79-й кинофестиваль в Каннах открылся вручением Питеру Джексону почетной «Золотой пальмовой ветви» и выступлением Джейн Фоды с речью о кино как сопротивлении. Кто еще был на красной дорожке кинофестиваля — в фотогалерее,https://rbc.ru/photoreport/13/05/2026/6a0365fc9a79476bad8b5dda,rbc.ru,джексон фонда и звезды эмили в париже открытие фестиваля в каннах,джексон фонда и звезды эмили в париже открытие фестиваля в каннах 79 й кинофестиваль в каннах открылся вручением питеру джексону почетной золотой пальмовой ветви и выступлением джейн фоды с речью о кино как сопротивлении кто еще был на красной дорожке кинофестиваля в фотогалерее,0.72,437,[],[],1.72,34.4,too few fintech/product signals,False,other
rss-рбк-—-новости-7,Сидни Кросби вошел в состав сборной Канады на чемпионат мира по хоккею,https://www.rbc.ru/sport/13/05/2026/6a038dc79a79475dbd5a5120,РБК — новости,2026-05-13,В этом году Кросби также выступал за сборную Канады на Олимпийских играх в Италии,В этом году Кросби также выступал за сборную Канады на Олимпийских играх в Италии,https://rbc.ru/sport/13/05/2026/6a038dc79a79475dbd5a5120,rbc.ru,сидни кросби вошел в состав сборной канады на чемпионат мира по хоккею,сидни кросби вошел в состав сборной канады на чемпионат мира по хоккею в этом году кросби также выступал за сборную канады на олимпийских играх в италии,0.72,163,[],[],1.72,34.4,too few fintech/product signals,False,other
rss-рбк-—-новости-8,Почему звезды тенниса пригрозили бойкотировать турниры «Большого шлема»,https://www.rbc.ru/sport/13/05/2026/69fb1cb29a79470b233e6267,РБК — новости,2026-05-13,Теннисисты из двадцатки сильнейших ATP и WTA выразили недовольство призовыми «Ролан Гаррос» и готовы бойкотировать турниры «Большого шлема». В чем причины — в материале «РБК Спорт»,Теннисисты из двадцатки сильнейших ATP и WTA выразили недовольство призовыми «Ролан Гаррос» и готовы бойкотировать турниры «Большого шлема». В чем причины — в материале «РБК Спорт»,https://rbc.ru/sport/13/05/2026/69fb1cb29a79470b233e6267,rbc.ru,почему звезды тенниса пригрозили бойкотировать турниры большого шлема,почему звезды тенниса пригрозили бойкотировать турниры большого шлема теннисисты из двадцатки сильнейших atp и wta выразили недовольство призовыми ролан гаррос и готовы бойкотировать турниры большого шлема в чем причины в материале рбк спорт,0.72,361,[],[],1.72,34.4,too few fintech/product signals,False,other
rss-рбк-—-новости-9,Спрос россиян на наличные в майские праздники достиг рекорда за 15 лет,https://www.rbc.ru/finances/13/05/2026/6a03165c9a79471e0a783424,РБК — новости,2026-05-13,"С 30 апреля по 11 мая прирост наличных денег в обращении превысил 210 млрд руб., подсчитал РБК по данным Банка России. Накануне майских праздников граждан предупреждали о масштабных отключениях интернета","С 30 апреля по 11 мая прирост наличных денег в обращении превысил 210 млрд руб., подсчитал РБК по данным Банка России. Накануне майских праздников граждан предупреждали о масштабных отключениях интернета",https://rbc.ru/finances/13/05/2026/6a03165c9a79471e0a783424,rbc.ru,спрос россиян на наличные в майские праздники достиг рекорда за 15 лет,спрос россиян на наличные в майские праздники достиг рекорда за 15 лет с 30 апреля по 11 мая прирост наличных денег в обращении превысил 210 млрд руб подсчитал рбк по данным банка россии накануне майских праздников граждан предупреждали о масштабных отключениях интернета,0.72,407,['банк'],[],2.27,45.4,too few fintech/product signals,False,other
rss-рбк-—-новости-10,Развожаев призвал не привести борьбу за традиционные ценности к «цензуре»,https://www.rbc.ru/politics/12/05/2026/6a03928c9a79472ba7f5673c,РБК — новости,2026-05-12,"Развожаев предложил не ограничиваться запретами фильмов, а ввести дополнительную маркировку контента, который не соответствует традиционным ценностям. В качестве примера он упомянул фильмы «Брат-2» и «О чем говорят мужчины»","Развожаев предложил не ограничиваться запретами фильмов, а ввести дополнительную маркировку контента, который не соответствует традиционным ценностям. В качестве примера он упомянул фильмы «Брат-2» и «О чем говорят мужчины»",https://rbc.ru/politics/12/05/2026/6a03928c9a79472ba7f5673c,rbc.ru,развожаев призвал не привести борьбу за традиционные ценности к цензуре,развожаев призвал не привести борьбу за традиционные ценности к цензуре развожаев предложил не ограничиваться запретами фильмов а ввести дополнительную маркировку контента который не соответствует традиционным ценностям в качестве примера он упомянул фильмы брат 2 и о чем говорят мужчины,0.72,447,[],[],1.72,34.4,too few fintech/product signals,False,other
rss-рбк-—-новости-11,Reuters узнал о тайных ударах Саудовской Аравии по Ирану,https://www.rbc.ru/politics/12/05/2026/6a0346749a79479b4e910128,РБК — новости,2026-05-12,"Reuters описывает удары как «многочисленные» и «неафишируемые». Источник агентства назвал их зеркальным ответом на атаки по Саудовской Аравии. WSJ ранее сообщала, что удары по Ирану также наносили Объединенные Арабские Эмираты","Reuters описывает удары как «многочисленные» и «неафишируемые». Источник агентства назвал их зеркальным ответом на атаки по Саудовской Аравии. WSJ ранее сообщала, что удары по Ирану также наносили Объединенные Арабские Эмираты",https://rbc.ru/politics/12/05/2026/6a0346749a79479b4e910128,rbc.ru,reuters узнал о тайных ударах саудовской аравии по ирану,reuters узнал о тайных ударах саудовской аравии по ирану reuters описывает удары как многочисленные и неафишируемые источник агентства назвал их зеркальным ответом на атаки по саудовской аравии wsj ранее сообщала что удары по ирану также наносили объединенные арабские эмираты,0.72,453,[],[],1.72,34.4,too few fintech/product signals,False,other
rss-рбк-—-новости-12,Клуб Роналду не смог досрочно выиграть чемпионат из-за ошибки вратаря,https://www.rbc.ru/sport/12/05/2026/6a0387169a7947774a2e8ec1,РБК — новости,2026-05-12,Матч с «Аль-Хилялем» закончился со счетом 1:1. Вратарь «Ан-Насра» забил в собственные ворота на восьмой компенсированной минуте,Матч с «Аль-Хилялем» закончился со счетом 1:1. Вратарь «Ан-Насра» забил в собственные ворота на восьмой компенсированной минуте,https://rbc.ru/sport/12/05/2026/6a0387169a7947774a2e8ec1,rbc.ru,клуб роналду не смог досрочно выиграть чемпионат из за ошибки вратаря,клуб роналду не смог досрочно выиграть чемпионат из за ошибки вратаря матч с аль хилялем закончился со счетом 1 1 вратарь ан насра забил в собственные ворота на восьмой компенсированной минуте,0.72,255,[],[],1.72,34.4,,True,regulation
rss-рбк-—-новости-13,ВЦИОМ зафиксировал падение индекса счастья россиян до минимума за 15 лет,https://www.rbc.ru/society/12/05/2026/6a03898a9a7947fbade43cd2,РБК — новости,2026-05-12,"ВЦИОМ сообщил о падении индекса счастья россиян до минимума с 2011 года. В апреле 2026 года показатель составил 52 пункта, тогда как в марте равнялся 56. Доля тех, кто назвали себя определенно счастливыми, сократилась на 2 п.п.","ВЦИОМ сообщил о падении индекса счастья россиян до минимума с 2011 года. В апреле 2026 года показатель составил 52 пункта, тогда как в марте равнялся 56. Доля тех, кто назвали себя определенно счастливыми, сократилась на 2 п.п.",https://rbc.ru/society/12/05/2026/6a03898a9a7947fbade43cd2,rbc.ru,вциом зафиксировал падение индекса счастья россиян до минимума за 15 лет,вциом зафиксировал падение индекса счастья россиян до минимума за 15 лет вциом сообщил о падении индекса счастья россиян до минимума с 2011 года в апреле 2026 года показатель составил 52 пункта тогда как в марте равнялся 56 доля тех кто назвали себя определенно счастливыми сократилась на 2 п п,0.72,455,[],[],1.72,34.4,too few fintech/product signals,False,other
rss-рбк-—-новости-14,"Учительница Путина заявила, что гордится им",https://www.rbc.ru/politics/12/05/2026/6a03846d9a79475126229127,РБК — новости,2026-05-12,"Бывший классный руководитель президента Владимира Путина, 92-летняя Вера Гуревич, заявила, что гордится своим учеником, с которым ее связывают многие годы дружбы.","Бывший классный руководитель президента Владимира Путина, 92-летняя Вера Гуревич, заявила, что гордится своим учеником, с которым ее связывают многие годы дружбы.",https://rbc.ru/politics/12/05/2026/6a03846d9a79475126229127,rbc.ru,учительница путина заявила что гордится им,учительница путина заявила что гордится им бывший классный руководитель президента владимира путина 92 летняя вера гуревич заявила что гордится своим учеником с которым ее связывают многие годы дружбы,0.72,325,[],[],1.72,34.4,too few fintech/product signals,False,other
rss-рбк-—-новости-15,Что известно о деле вокруг певицы Линды и прав на песни Максима Фадеева,https://www.rbc.ru/business/12/05/2026/6a0357e49a7947ddd6f073ff,РБК — новости,2026-05-12,"Поводом для допроса Линды стал ее конфликт с Максимом Фадеевым, пишет ТАСС. В 1990-х композитор написал для артистки хит «Ворона». В чем спор между ними и какие аргументы они выдвигают — в материале РБК","Поводом для допроса Линды стал ее конфликт с Максимом Фадеевым, пишет ТАСС. В 1990-х композитор написал для артистки хит «Ворона». В чем спор между ними и какие аргументы они выдвигают — в материале РБК",https://rbc.ru/business/12/05/2026/6a0357e49a7947ddd6f073ff,rbc.ru,что известно о деле вокруг певицы линды и прав на песни максима фадеева,что известно о деле вокруг певицы линды и прав на песни максима фадеева поводом для допроса линды стал ее конфликт с максимом фадеевым пишет тасс в 1990 х композитор написал для артистки хит ворона в чем спор между ними и какие аргументы они выдвигают в материале рбк,0.72,405,[],[],1.72,34.4,too few fintech/product signals,False,other
rss-techcrunch-fintech-1,"Apple’s new CEO, and why Elon Musk wants to buy Cursor for $60B",https://techcrunch.com/podcast/apples-new-ceo-and-why-elon-musk-wants-to-buy-cursor-for-60b/,TechCrunch Fintech,2026-04-24,"A new era is on the way for Apple as Tim Cook plans to step down from his CEO role in September, handing the reins to hardware chief John Ternus. Ternus may be inheriting one of the most durable businesses in tech, but he’s also stepping into a very different ecosystem than the one Cook spent decades shaping. The App […]","A new era is on the way for Apple as Tim Cook plans to step down from his CEO role in September, handing the reins to hardware chief John Ternus. Ternus may be inheriting one of the most durable businesses in tech, but he’s also stepping into a very different ecosystem than the one Cook spent decades shaping. The App […]",https://techcrunch.com/podcast/apples-new-ceo-and-why-elon-musk-wants-to-buy-cursor-for-60b,techcrunch.com,apple s new ceo why elon musk wants buy cursor 60b,apple s new ceo why elon musk wants buy cursor 60b new era is way apple as tim cook plans step down from his ceo role september handing reins hardware chief john ternus ternus may be inheriting one most durable businesses tech but he s also stepping into very different ecosystem than one cook spent decades shaping app,0.55,645,[],[],1.55,31.0,,True,UX
rss-techcrunch-fintech-2,Tim Cook is stepping down. What happens to Apple now?,https://techcrunch.com/video/tim-cook-is-stepping-down-what-happens-to-apple-now/,TechCrunch Fintech,2026-04-24,"Tim Cook plans to step down from his CEO role in September, handing the reins to hardware chief John Ternus. Ternus may be inheriting one of the most durable businesses in tech, but he’s also stepping into a very different ecosystemthan the one Cook spent decades shaping. The App Store’s 30% cut is under pressure, the behind-the-scenes power Apple once […]","Tim Cook plans to step down from his CEO role in September, handing the reins to hardware chief John Ternus. Ternus may be inheriting one of the most durable businesses in tech, but he’s also stepping into a very different ecosystemthan the one Cook spent decades shaping. The App Store’s 30% cut is under pressure, the behind-the-scenes power Apple once […]",https://techcrunch.com/video/tim-cook-is-stepping-down-what-happens-to-apple-now,techcrunch.com,tim cook is stepping down what happens apple now,tim cook is stepping down what happens apple now tim cook plans step down from his ceo role september handing reins hardware chief john ternus ternus may be inheriting one most durable businesses tech but he s also stepping into very different ecosystemthan one cook spent decades shaping app store s 30 cut is under pressure behind scenes power apple once,0.55,717,[],[],1.55,31.0,,True,UX
rss-techcrunch-fintech-3,"Collide Capital raises $95M fund to back fintech, future-of-work startups",https://techcrunch.com/2026/04/09/collide-capital-raises-95m-fund-to-back-fintech-future-of-work-startups/,TechCrunch Fintech,2026-04-09,"Collide Capital, founded by Brian Hollins and Aaron Samuels, announced the close of a $95 million Fund II.","Collide Capital, founded by Brian Hollins and Aaron Samuels, announced the close of a $95 million Fund II.",https://techcrunch.com/2026/04/09/collide-capital-raises-95m-fund-to-back-fintech-future-of-work-startups,techcrunch.com,collide capital raises 95m fund back fintech future work startups,collide capital raises 95m fund back fintech future work startups collide capital founded brian hollins aaron samuels announced close 95 million fund ii,0.55,213,"['ai', 'fintech']",[],2.65,53.0,,True,fraud_risk
rss-techcrunch-fintech-4,Money transfer app Duc exposed thousands of driver’s licenses and passports to the open web,https://techcrunch.com/2026/04/02/canadian-money-transfer-app-duc-expose-drivers-licenses-passports-amazon-server/,TechCrunch Fintech,2026-04-02,An exposed Amazon-hosted server allowed anyone to access reams of customer data without needing a password.,An exposed Amazon-hosted server allowed anyone to access reams of customer data without needing a password.,https://techcrunch.com/2026/04/02/canadian-money-transfer-app-duc-expose-drivers-licenses-passports-amazon-server,techcrunch.com,money transfer app duc exposed thousands driver s licenses passports open web,money transfer app duc exposed thousands driver s licenses passports open web exposed amazon hosted server allowed anyone access reams customer data without needing password,0.55,215,[],[],1.55,31.0,,True,UX
rss-techcrunch-fintech-5,Polymarket continues its partnership spree with a Major League Baseball deal,https://techcrunch.com/2026/03/19/polymarket-continues-its-partnership-spree-with-a-major-league-baseball-deal/,TechCrunch Fintech,2026-03-19,MLB is only the latest in a string of recently announced partnerships involving the prediction market.,MLB is only the latest in a string of recently announced partnerships involving the prediction market.,https://techcrunch.com/2026/03/19/polymarket-continues-its-partnership-spree-with-a-major-league-baseball-deal,techcrunch.com,polymarket continues its partnership spree major league baseball deal,polymarket continues its partnership spree major league baseball deal mlb is only latest string recently announced partnerships involving prediction market,0.55,205,[],[],1.55,31.0,,True,partnership
rss-techcrunch-fintech-6,"X taps William Shatner to give out invites to its payments service, X Money",https://techcrunch.com/2026/03/04/x-taps-william-shatner-to-give-out-invites-to-its-payments-service-x-money/,TechCrunch Fintech,2026-03-04,42 X users donated to William Shatner's charity in exchange for an early invite to X Money beta.,42 X users donated to William Shatner's charity in exchange for an early invite to X Money beta.,https://techcrunch.com/2026/03/04/x-taps-william-shatner-to-give-out-invites-to-its-payments-service-x-money,techcrunch.com,x taps william shatner give out invites its payments service x money,x taps william shatner give out invites its payments service x money 42 x users donated william shatner s charity exchange early invite x money beta,0.55,193,"['payment', 'payments']",[],2.65,53.0,,True,payments
rss-techcrunch-fintech-7,Data breach at fintech giant Figure affects close to a million customers,https://techcrunch.com/2026/02/18/data-breach-at-fintech-giant-figure-affects-close-to-a-million-customers/,TechCrunch Fintech,2026-02-18,"The Figure data breach allowed hackers to steal customer names, dates of birth, physical addresses, phone numbers, and email addresses.","The Figure data breach allowed hackers to steal customer names, dates of birth, physical addresses, phone numbers, and email addresses.",https://techcrunch.com/2026/02/18/data-breach-at-fintech-giant-figure-affects-close-to-a-million-customers,techcrunch.com,data breach at fintech giant figure affects close million customers,data breach at fintech giant figure affects close million customers figure data breach allowed hackers steal customer names dates birth physical addresses phone numbers email addresses,0.55,271,"['ai', 'fintech']",[],2.65,53.0,,True,fraud_risk
rss-techcrunch-fintech-8,"These 21-year-old dropouts raised $2M to build Givefront, a fintech for nonprofits",https://techcrunch.com/2025/12/18/these-21-year-old-dropouts-raised-2m-to-build-givefront-a-fintech-for-nonprofits/,TechCrunch Fintech,2025-12-18,"YC-backed Givefront is building a fintech designed specifically for nonprofits, including food banks, churches, and homeowner associations.","YC-backed Givefront is building a fintech designed specifically for nonprofits, including food banks, churches, and homeowner associations.",https://techcrunch.com/2025/12/18/these-21-year-old-dropouts-raised-2m-to-build-givefront-a-fintech-for-nonprofits,techcrunch.com,these 21 year old dropouts raised 2m build givefront fintech nonprofits,these 21 year old dropouts raised 2m build givefront fintech nonprofits yc backed givefront is building fintech designed specifically nonprofits including food banks churches homeowner associations,0.55,279,"['ai', 'bank', 'fintech']",[],3.2,64.0,,True,fraud_risk
rss-techcrunch-fintech-9,Fintech firm Marquis alerts dozens of US banks and credit unions of a data breach after ransomware attack,https://techcrunch.com/2025/12/03/fintech-firm-marquis-alerts-dozens-of-us-banks-and-credit-unions-of-a-data-breach-after-ransomware-attack/,TechCrunch Fintech,2025-12-03,"Marquis said ransomware hackers stole reams of banking customer data, containing personal information and financial records, as well as Social Security numbers, belonging to hundreds of thousands of people. The number of affected people is expected to rise.","Marquis said ransomware hackers stole reams of banking customer data, containing personal information and financial records, as well as Social Security numbers, belonging to hundreds of thousands of people. The number of affected people is expected to rise.",https://techcrunch.com/2025/12/03/fintech-firm-marquis-alerts-dozens-of-us-banks-and-credit-unions-of-a-data-breach-after-ransomware-attack,techcrunch.com,fintech firm marquis alerts dozens us banks credit unions data breach after ransomware attack,fintech firm marquis alerts dozens us banks credit unions data breach after ransomware attack marquis said ransomware hackers stole reams banking customer data containing personal information financial records as well as social security numbers belonging hundreds thousands people number affected people is expected rise,0.55,515,"['ai', 'bank', 'banking', 'credit', 'fintech']",[],4.3,86.0,,True,fraud_risk
rss-techcrunch-fintech-10,Pine Labs gets warm market welcome on $440M India IPO despite a valuation trim,https://techcrunch.com/2025/11/14/pine-labs-gets-warm-market-welcome-on-440m-india-ipo-despite-a-valuation-trim/,TechCrunch Fintech,2025-11-14,"Pine Labs, backed by PayPal and Mastercard, gained 14% on its market debut.","Pine Labs, backed by PayPal and Mastercard, gained 14% on its market debut.",https://techcrunch.com/2025/11/14/pine-labs-gets-warm-market-welcome-on-440m-india-ipo-despite-a-valuation-trim,techcrunch.com,pine labs gets warm market welcome 440m india ipo despite valuation trim,pine labs gets warm market welcome 440m india ipo despite valuation trim pine labs backed paypal mastercard gained 14 its market debut,0.55,151,"['ai', 'card']",[],2.65,53.0,,True,market_signal
rss-techcrunch-fintech-11,Venmo launches cash back rewards program for debit cards,https://techcrunch.com/2025/11/10/venmo-launches-cash-back-rewards-program-for-debit-cards/,TechCrunch Fintech,2025-11-10,"Venmo launches a cash back program for debit card users, as credit card use declines among Gen Z.","Venmo launches a cash back program for debit card users, as credit card use declines among Gen Z.",https://techcrunch.com/2025/11/10/venmo-launches-cash-back-rewards-program-for-debit-cards,techcrunch.com,venmo launches cash back rewards program debit cards,venmo launches cash back rewards program debit cards venmo launches cash back program debit card users as credit card use declines among gen z,0.55,195,"['card', 'credit', 'debit']",[],3.2,64.0,,True,banking_product
rss-techcrunch-fintech-12,"With its latest acqui-hire, OpenAI is doubling down on personalized consumer AI",https://techcrunch.com/2025/10/03/with-its-latest-acqui-hire-openai-is-doubling-down-on-personalized-consumer-ai/,TechCrunch Fintech,2025-10-03,"OpenAI is acquiring the CEO of Roi, an AI financial companion. Roi will sunset its service as its talent heads to OpenAI, ostensibly to help boost revenue in consumer apps.","OpenAI is acquiring the CEO of Roi, an AI financial companion. Roi will sunset its service as its talent heads to OpenAI, ostensibly to help boost revenue in consumer apps.",https://techcrunch.com/2025/10/03/with-its-latest-acqui-hire-openai-is-doubling-down-on-personalized-consumer-ai,techcrunch.com,its latest acqui hire openai is doubling down personalized consumer ai,its latest acqui hire openai is doubling down personalized consumer ai openai is acquiring ceo roi ai financial companion roi will sunset its service as its talent heads openai ostensibly help boost revenue consumer apps,0.55,345,['ai'],[],2.1,42.0,,True,fraud_risk
rss-techcrunch-fintech-13,Numeral raises $35M to automate sales tax with AI,https://techcrunch.com/2025/09/18/numeral-raises-35m-to-automate-sales-tax-with-ai/,TechCrunch Fintech,2025-09-18,The two-year-old sales tax startup Numeral is now valued at $350 million.,The two-year-old sales tax startup Numeral is now valued at $350 million.,https://techcrunch.com/2025/09/18/numeral-raises-35m-to-automate-sales-tax-with-ai,techcrunch.com,numeral raises 35m automate sales tax ai,numeral raises 35m automate sales tax ai two year old sales tax startup numeral is now valued at 350 million,0.55,147,['ai'],[],2.1,42.0,,True,fraud_risk
rss-techcrunch-fintech-14,Karat Financial is bringing business banking to creators,https://techcrunch.com/2025/05/28/karat-financial-is-bringing-business-banking-to-creators/,TechCrunch Fintech,2025-05-28,"Karat Financial, the company known for its credit cards for creators, is launching a creator-focused business banking product.","Karat Financial, the company known for its credit cards for creators, is launching a creator-focused business banking product.",https://techcrunch.com/2025/05/28/karat-financial-is-bringing-business-banking-to-creators,techcrunch.com,karat financial is bringing business banking creators,karat financial is bringing business banking creators karat financial company known its credit cards creators is launching creator focused business banking product,0.55,253,"['bank', 'banking', 'card', 'credit']",[],3.75,75.0,,True,banking_product
rss-techcrunch-fintech-15,"Brex partners with former competitor Zip, with an eye on reducing cash burn to get to an IPO",https://techcrunch.com/2025/05/20/brex-partners-with-former-competitor-zip-with-an-eye-on-reducing-cash-burn-to-get-to-an-ipo/,TechCrunch Fintech,2025-05-20,"Brex has once again made the surprising, but perhaps realistic, decision to partner with another one-time competitor. This time Zip, the CEOs of both companies told TechCrunch exclusively. In April 2022, fintech Brex announced it was making “a big push” into both the enterprise and software. The news was notable considering that Brex originally was […]","Brex has once again made the surprising, but perhaps realistic, decision to partner with another one-time competitor. This time Zip, the CEOs of both companies told TechCrunch exclusively. In April 2022, fintech Brex announced it was making “a big push” into both the enterprise and software. The news was notable considering that Brex originally was […]",https://techcrunch.com/2025/05/20/brex-partners-with-former-competitor-zip-with-an-eye-on-reducing-cash-burn-to-get-to-an-ipo,techcrunch.com,brex partners former competitor zip eye reducing cash burn get ipo,brex partners former competitor zip eye reducing cash burn get ipo brex has once again made surprising but perhaps realistic decision partner another one time competitor this time zip ceos both companies told techcrunch exclusively april 2022 fintech brex announced it was making big push into both enterprise software news was notable considering that brex originally was,0.55,709,"['ai', 'fintech']",[],2.65,53.0,,True,partnership
rss-pymnts-1,The End of the Artisanal Hack: How AI Industrialized Cybercrime,https://www.pymnts.com/cybersecurity/2026/end-artisanal-hack-how-ai-industrialized-cybercrime/,PYMNTS,2026-05-12,"The enterprise software industry has long held on to the traditional assumption that while bugs are common, the expertise to exploit them, particularly at scale, is rare. That scarcity has helped keep digital risk manageable, if never fully contained. But a new report from Google published Monday (May 11) is turning that legacy assumption […] The post The End of the Artisanal Hack: How AI Industrialized Cybercrime appeared first on PYMNTS.com .","The enterprise software industry has long held on to the traditional assumption that while bugs are common, the expertise to exploit them, particularly at scale, is rare. That scarcity has helped keep digital risk manageable, if never fully contained. But a new report from Google published Monday (May 11) is turning that legacy assumption […] The post The End of the Artisanal Hack: How AI Industrialized Cybercrime appeared first on PYMNTS.com .",https://pymnts.com/cybersecurity/2026/end-artisanal-hack-how-ai-industrialized-cybercrime,pymnts.com,end artisanal hack how ai industrialized cybercrime,end artisanal hack how ai industrialized cybercrime enterprise software industry has long held traditional assumption that while bugs are common expertise exploit them particularly at scale is rare that scarcity has helped keep digital risk manageable if never fully contained but new report from google published monday may 11 is turning that legacy assumption post end artisanal hack how ai industrialized cybercrime appeared first pymnts com,0.76,897,['ai'],[],2.31,46.2,,True,fraud_risk
rss-pymnts-2,TikTok GO Connects Travel Videos to Hotel Bookings,https://www.pymnts.com/news/social-commerce/2026/tiktok-go-connects-travel-videos-to-hotel-bookings/,PYMNTS,2026-05-12,"TikTok now enables users in the United States to book hotels, attractions and tours. With the new TikTok GO, users can discover experiences on TikTok through videos, search and locations; view details; check availability; and then complete a booking directly on the platform, TikTok USDS Joint Venture said in a Tuesday (May 12) press release. “Every day on TikTok, millions of people […] The post TikTok GO Connects Travel Videos to Hotel Bookings appeared first on PYMNTS.com .","TikTok now enables users in the United States to book hotels, attractions and tours. With the new TikTok GO, users can discover experiences on TikTok through videos, search and locations; view details; check availability; and then complete a booking directly on the platform, TikTok USDS Joint Venture said in a Tuesday (May 12) press release. “Every day on TikTok, millions of people […] The post TikTok GO Connects Travel Videos to Hotel Bookings appeared first on PYMNTS.com .",https://pymnts.com/news/social-commerce/2026/tiktok-go-connects-travel-videos-to-hotel-bookings,pymnts.com,tiktok go connects travel videos hotel bookings,tiktok go connects travel videos hotel bookings tiktok now enables users united states book hotels attractions tours new tiktok go users can discover experiences tiktok through videos search locations view details check availability then complete booking directly platform tiktok usds joint venture said tuesday may 12 press release every day tiktok millions people post tiktok go connects travel videos hotel bookings appeared first pymnts com,0.76,959,['ai'],[],2.31,46.2,,True,UX
rss-pymnts-3,DoorDash Projected to Reach 20% of US Restaurants by 2035,https://www.pymnts.com/restaurant-technology/2026/doordash-projected-to-reach-20percent-of-us-restaurants-by-2035/,PYMNTS,2026-05-12,"DoorDash has not yet announced the launch of a point-of-sale (POS) device. But such a move could pose a threat to restaurant-focused payments companies like Toast, Bloomberg News reported Tuesday (May 12), citing an analysis from investment advisor Rothschild & Co Redburn’s Dominic Ball. “While it may appear early to forecast a product that DoorDash has not formally announced, […] The post DoorDash Projected to Reach 20% of US Restaurants by 2035 appeared first on PYMNTS.com .","DoorDash has not yet announced the launch of a point-of-sale (POS) device. But such a move could pose a threat to restaurant-focused payments companies like Toast, Bloomberg News reported Tuesday (May 12), citing an analysis from investment advisor Rothschild & Co Redburn’s Dominic Ball. “While it may appear early to forecast a product that DoorDash has not formally announced, […] The post DoorDash Projected to Reach 20% of US Restaurants by 2035 appeared first on PYMNTS.com .",https://pymnts.com/restaurant-technology/2026/doordash-projected-to-reach-20percent-of-us-restaurants-by-2035,pymnts.com,doordash projected reach 20 us restaurants 2035,doordash projected reach 20 us restaurants 2035 doordash has not yet announced launch point sale pos device but such move could pose threat restaurant focused payments companies like toast bloomberg news reported tuesday may 12 citing analysis from investment advisor rothschild co redburn s dominic ball while it may appear early forecast product that doordash has not formally announced post doordash projected reach 20 us restaurants 2035 appeared first pymnts com,0.76,963,"['payment', 'payments']",[],2.86,57.2,,True,payments
rss-pymnts-4,Better.com’s AI Agent Resolved 35% of Mortgage Calls Alone,https://www.pymnts.com/artificial-intelligence-2/2026/better-coms-ai-agent-resolved-35-of-mortgage-calls-alone/,PYMNTS,2026-05-12,"Mortgage follow-up calls have long been a bottleneck that loan officers absorb one conversation at a time. Better.com is routing that call volume through AI. Betsy, the company’s generative artificial intelligence loan agent, handled nearly 100,000 mortgage-related calls per month in 2025 and resolved 35.5% of borrower inquiries without any human involvement, according to ElevenLabs, […] The post Better.com’s AI Agent Resolved 35% of Mortgage Calls Alone appeared first on PYMNTS.com .","Mortgage follow-up calls have long been a bottleneck that loan officers absorb one conversation at a time. Better.com is routing that call volume through AI. Betsy, the company’s generative artificial intelligence loan agent, handled nearly 100,000 mortgage-related calls per month in 2025 and resolved 35.5% of borrower inquiries without any human involvement, according to ElevenLabs, […] The post Better.com’s AI Agent Resolved 35% of Mortgage Calls Alone appeared first on PYMNTS.com .",https://pymnts.com/artificial-intelligence-2/2026/better-coms-ai-agent-resolved-35-of-mortgage-calls-alone,pymnts.com,better com s ai agent resolved 35 mortgage calls alone,better com s ai agent resolved 35 mortgage calls alone mortgage follow up calls have long been bottleneck that loan officers absorb one conversation at time better com is routing that call volume through ai betsy company s generative artificial intelligence loan agent handled nearly 100 000 mortgage related calls per month 2025 resolved 35 5 borrower inquiries without any human involvement according elevenlabs post better com s ai agent resolved 35 mortgage calls alone appeared first pymnts com,0.76,979,"['ai', 'loan']",[],2.86,57.2,,True,fraud_risk
rss-pymnts-5,Brazilian Regulators Strained Amid Instant Payment and FinTech Boom,https://www.pymnts.com/bank-regulation/2026/brazilian-regulators-strained-amid-instant-payment-and-fintech-boom/,PYMNTS,2026-05-12,"Brazil’s central bank is reportedly facing budget and staffing strain amid a financial system boom. As Bloomberg News reported Tuesday (May 12), the regulator’s staffing levels have fallen by 42% in the last decade, while the number of regulated financial institutions has surged by 50% during the same period of time. That crunch is […] The post Brazilian Regulators Strained Amid Instant Payment and FinTech Boom appeared first on PYMNTS.com .","Brazil’s central bank is reportedly facing budget and staffing strain amid a financial system boom. As Bloomberg News reported Tuesday (May 12), the regulator’s staffing levels have fallen by 42% in the last decade, while the number of regulated financial institutions has surged by 50% during the same period of time. That crunch is […] The post Brazilian Regulators Strained Amid Instant Payment and FinTech Boom appeared first on PYMNTS.com .",https://pymnts.com/bank-regulation/2026/brazilian-regulators-strained-amid-instant-payment-and-fintech-boom,pymnts.com,brazilian regulators strained amid instant payment fintech boom,brazilian regulators strained amid instant payment fintech boom brazil s central bank is reportedly facing budget staffing strain amid financial system boom as bloomberg news reported tuesday may 12 regulator s staffing levels have fallen 42 last decade while number regulated financial institutions has surged 50 during same period time that crunch is post brazilian regulators strained amid instant payment fintech boom appeared first pymnts com,0.76,891,"['ai', 'bank', 'fintech', 'payment', 'regulator']",[],4.51,90.2,,True,regulation
rss-pymnts-6,Affirm Brings Pay-Over-Time Options to Google AI Platforms,https://www.pymnts.com/buy-now-pay-later/2026/affirm-brings-pay-over-time-options-google-ai-platforms/,PYMNTS,2026-05-12,"Affirm’s pay-over-time options will be integrated into the Gemini app and Google Search, including AI Mode, through Google Pay in the coming weeks. The companies are working together on the integration and will make the payment options available to people and artificial intelligence agents, according to a Tuesday (May 12) press release. “From day […] The post Affirm Brings Pay-Over-Time Options to Google AI Platforms appeared first on PYMNTS.com .","Affirm’s pay-over-time options will be integrated into the Gemini app and Google Search, including AI Mode, through Google Pay in the coming weeks. The companies are working together on the integration and will make the payment options available to people and artificial intelligence agents, according to a Tuesday (May 12) press release. “From day […] The post Affirm Brings Pay-Over-Time Options to Google AI Platforms appeared first on PYMNTS.com .",https://pymnts.com/buy-now-pay-later/2026/affirm-brings-pay-over-time-options-google-ai-platforms,pymnts.com,affirm brings pay over time options google ai platforms,affirm brings pay over time options google ai platforms affirm s pay over time options will be integrated into gemini app google search including ai mode through google pay coming weeks companies are working together integration will make payment options available people artificial intelligence agents according tuesday may 12 press release from day post affirm brings pay over time options google ai platforms appeared first pymnts com,0.76,903,"['ai', 'payment']",[],2.86,57.2,,True,payments
rss-pymnts-7,Elliptic Raises $120 Million to Bring Blockchain Analytics to Big Banks,https://www.pymnts.com/news/investment-tracker/2026/elliptic-raises-120-million-to-bring-blockchain-analytics-to-big-banks/,PYMNTS,2026-05-12,"Blockchain analytics company Elliptic has raised $120 million in new funding. The company says its Series D round, announced Tuesday (May 12), values Elliptic at $670 million and will help it further its mission of providing analytics to big banks, FinTechs, government agencies and crypto and payment companies. The round was led by One Peak, with contributions from Nasdaq Ventures, Deutsche […] The post Elliptic Raises $120 Million to Bring Blockchain Analytics to Big Banks appeared first on PYMNTS.com .","Blockchain analytics company Elliptic has raised $120 million in new funding. The company says its Series D round, announced Tuesday (May 12), values Elliptic at $670 million and will help it further its mission of providing analytics to big banks, FinTechs, government agencies and crypto and payment companies. The round was led by One Peak, with contributions from Nasdaq Ventures, Deutsche […] The post Elliptic Raises $120 Million to Bring Blockchain Analytics to Big Banks appeared first on PYMNTS.com .",https://pymnts.com/news/investment-tracker/2026/elliptic-raises-120-million-to-bring-blockchain-analytics-to-big-banks,pymnts.com,elliptic raises 120 million bring blockchain analytics big banks,elliptic raises 120 million bring blockchain analytics big banks blockchain analytics company elliptic has raised 120 million new funding company says its series d round announced tuesday may 12 values elliptic at 670 million will help it further its mission providing analytics big banks fintechs government agencies crypto payment companies round was led one peak contributions from nasdaq ventures deutsche post elliptic raises 120 million bring blockchain analytics big banks appeared first pymnts com,0.76,1019,"['ai', 'bank', 'fintech', 'payment']",[],3.96,79.2,,True,payments
rss-pymnts-8,SAP Intros Program to Help Enterprises Incorporate AI Agents,https://www.pymnts.com/news/b2b-payments/2026/sap-intros-program-to-help-enterprises-incorporate-ai-agents/,PYMNTS,2026-05-12,"SAP has launched a program to help businesses integrate artificial intelligence (AI) agents into their operations. The German software giant’s “Autonomous Enterprise” initiative, announced Tuesday (May 12), focuses on a new unified platform and specialized tools intended to automate end-to-end tasks across various corporate functions. “For the mission-critical processes of our customers, ‘almost right’ […] The post SAP Intros Program to Help Enterprises Incorporate AI Agents appeared first on PYMNTS.com .","SAP has launched a program to help businesses integrate artificial intelligence (AI) agents into their operations. The German software giant’s “Autonomous Enterprise” initiative, announced Tuesday (May 12), focuses on a new unified platform and specialized tools intended to automate end-to-end tasks across various corporate functions. “For the mission-critical processes of our customers, ‘almost right’ […] The post SAP Intros Program to Help Enterprises Incorporate AI Agents appeared first on PYMNTS.com .",https://pymnts.com/news/b2b-payments/2026/sap-intros-program-to-help-enterprises-incorporate-ai-agents,pymnts.com,sap intros program help enterprises incorporate ai agents,sap intros program help enterprises incorporate ai agents sap has launched program help businesses integrate artificial intelligence ai agents into their operations german software giant s autonomous enterprise initiative announced tuesday may 12 focuses new unified platform specialized tools intended automate end end tasks across various corporate functions mission critical processes our customers almost right post sap intros program help enterprises incorporate ai agents appeared first pymnts com,0.76,1021,['ai'],[],2.31,46.2,,True,fraud_risk
rss-pymnts-9,Remitly Business Accelerates Expansion With Full Canadian Launch,https://www.pymnts.com/news/b2b-payments/2026/remitly-business-accelerates-expansion-with-full-canadian-launch/,PYMNTS,2026-05-12,"Cross-border payments app Remitly Business is now generally available to small and medium-sized businesses in Canada. This expansion follows the offering’s launch in the United States in the second quarter of 2025 and its later expansion to the United Kingdom and Canada with limited availability, Remitly Global said in a Tuesday (May 12) press […] The post Remitly Business Accelerates Expansion With Full Canadian Launch appeared first on PYMNTS.com .","Cross-border payments app Remitly Business is now generally available to small and medium-sized businesses in Canada. This expansion follows the offering’s launch in the United States in the second quarter of 2025 and its later expansion to the United Kingdom and Canada with limited availability, Remitly Global said in a Tuesday (May 12) press […] The post Remitly Business Accelerates Expansion With Full Canadian Launch appeared first on PYMNTS.com .",https://pymnts.com/news/b2b-payments/2026/remitly-business-accelerates-expansion-with-full-canadian-launch,pymnts.com,remitly business accelerates expansion full canadian launch,remitly business accelerates expansion full canadian launch cross border payments app remitly business is now generally available small medium sized businesses canada this expansion follows offering s launch united states second quarter 2025 its later expansion united kingdom canada limited availability remitly global said tuesday may 12 press post remitly business accelerates expansion full canadian launch appeared first pymnts com,0.76,909,"['ai', 'payment', 'payments']",[],3.41,68.2,,True,payments
rss-pymnts-10,Figure Revenue Jumps 92% as Consumer Loan Marketplace Expands,https://www.pymnts.com/earnings/2026/figure-revenue-jumps-92percent-consumer-loan-marketplace-expands/,PYMNTS,2026-05-12,"Figure Technology Solutions’ latest quarter underscored how quickly the company is moving beyond its roots in home equity lending and into a broader marketplace model built around mortgages, consumer credit and blockchain-based capital markets, as loan originations and platform activity continued to accelerate. Consumer loan marketplace volume, as reported on Tuesday (May 12), reached […] The post Figure Revenue Jumps 92% as Consumer Loan Marketplace Expands appeared first on PYMNTS.com .","Figure Technology Solutions’ latest quarter underscored how quickly the company is moving beyond its roots in home equity lending and into a broader marketplace model built around mortgages, consumer credit and blockchain-based capital markets, as loan originations and platform activity continued to accelerate. Consumer loan marketplace volume, as reported on Tuesday (May 12), reached […] The post Figure Revenue Jumps 92% as Consumer Loan Marketplace Expands appeared first on PYMNTS.com .",https://pymnts.com/earnings/2026/figure-revenue-jumps-92percent-consumer-loan-marketplace-expands,pymnts.com,figure revenue jumps 92 as consumer loan marketplace expands,figure revenue jumps 92 as consumer loan marketplace expands figure technology solutions latest quarter underscored how quickly company is moving beyond its roots home equity lending into broader marketplace model built around mortgages consumer credit blockchain based capital markets as loan originations platform activity continued accelerate consumer loan marketplace volume as reported tuesday may 12 reached post figure revenue jumps 92 as consumer loan marketplace expands appeared first pymnts com,0.76,987,"['ai', 'credit', 'lending', 'loan']",[],3.96,79.2,,True,market_signal
rss-stripe-blog-1,Five vertical SaaS insights from Sessions 2026,https://stripe.com/blog/vertical-saas-insights-sessions-2026,Stripe Blog,2026-05-11,"AI is forcing platforms to expand beyond pure software. See how vertical SaaS platforms are using payments, financial services, and agentic commerce to build more durable businesses.","AI is forcing platforms to expand beyond pure software. See how vertical SaaS platforms are using payments, financial services, and agentic commerce to build more durable businesses.",https://stripe.com/blog/vertical-saas-insights-sessions-2026,stripe.com,five vertical saas insights from sessions 2026,five vertical saas insights from sessions 2026 ai is forcing platforms expand beyond pure software see how vertical saas platforms are using payments financial services agentic commerce build more durable businesses,0.88,365,"['ai', 'payment', 'payments']",[],3.53,70.6,,True,payments
rss-stripe-blog-2,Everything we announced at Sessions 2026,https://stripe.com/blog/everything-we-announced-at-sessions-2026,Stripe Blog,2026-04-29,We’re making Stripe even more programmable; protecting and propelling your business with the strength of the Stripe network; and building economic infrastructure for AI.,We’re making Stripe even more programmable; protecting and propelling your business with the strength of the Stripe network; and building economic infrastructure for AI.,https://stripe.com/blog/everything-we-announced-at-sessions-2026,stripe.com,everything we announced at sessions 2026,everything we announced at sessions 2026 we re making stripe even more programmable protecting propelling your business strength stripe network building economic infrastructure ai,0.88,339,['ai'],[],2.43,48.6,,True,fraud_risk
rss-stripe-blog-3,Giving agents the ability to pay,https://stripe.com/blog/giving-agents-the-ability-to-pay,Stripe Blog,2026-04-29,"Link’s wallet for agents gives agents programmatic access to Link, including the ability to generate a one-time-use card or Shared Payment Token (SPT) backed by the cards and bank accounts already in your wallet. It’s built on Stripe’s new Issuing for agents.","Link’s wallet for agents gives agents programmatic access to Link, including the ability to generate a one-time-use card or Shared Payment Token (SPT) backed by the cards and bank accounts already in your wallet. It’s built on Stripe’s new Issuing for agents.",https://stripe.com/blog/giving-agents-the-ability-to-pay,stripe.com,giving agents ability pay,giving agents ability pay link s wallet agents gives agents programmatic access link including ability generate one time use card or shared payment token spt backed cards bank accounts already your wallet it s built stripe s new issuing agents,0.88,519,"['account', 'bank', 'card', 'payment', 'wallet']",[],4.63,92.6,,True,payments
rss-stripe-blog-4,"How agents, digital wallets, and trust are rewriting checkout",https://stripe.com/blog/global-checkout-trends,Stripe Blog,2026-04-07,"We analyzed checkout activity across more than 20K businesses, surveyed shoppers and ecommerce leaders, and gathered insights from businesses on the Stripe network to understand what’s changing in online conversion.","We analyzed checkout activity across more than 20K businesses, surveyed shoppers and ecommerce leaders, and gathered insights from businesses on the Stripe network to understand what’s changing in online conversion.",https://stripe.com/blog/global-checkout-trends,stripe.com,how agents digital wallets trust are rewriting checkout,how agents digital wallets trust are rewriting checkout we analyzed checkout activity across more than 20k businesses surveyed shoppers ecommerce leaders gathered insights from businesses stripe network understand what s changing online conversion,0.88,431,"['checkout', 'wallet']",[],2.98,59.6,,True,payments
rss-stripe-blog-5,Insights from Shoptalk 2026: How agents are changing retail,https://stripe.com/blog/shoptalk-2026,Stripe Blog,2026-04-02,"Retailers know search and discovery have already shifted. What comes next is less settled. From embedded checkout to emerging third-party surfaces, here’s how ecommerce and AI leaders are integrating agentic commerce.","Retailers know search and discovery have already shifted. What comes next is less settled. From embedded checkout to emerging third-party surfaces, here’s how ecommerce and AI leaders are integrating agentic commerce.",https://stripe.com/blog/shoptalk-2026,stripe.com,insights from shoptalk 2026 how agents are changing retail,insights from shoptalk 2026 how agents are changing retail retailers know search discovery have already shifted what comes next is less settled from embedded checkout emerging third party surfaces here s how ecommerce ai leaders are integrating agentic commerce,0.88,435,"['ai', 'checkout', 'embedded']",[],3.53,70.6,,True,payments
rss-stripe-blog-6,How Stripe Radar helps prevent free trial abuse,https://stripe.com/blog/how-stripe-radar-helps-prevent-free-trial-abuse,Stripe Blog,2026-03-24,"Radar now helps prevent free trial abuse with just one click. When enabled, Radar predicts the presence of abusive behavior that violates common trial terms, such as repeated trial signup or missed cancellations, with 90% accuracy.","Radar now helps prevent free trial abuse with just one click. When enabled, Radar predicts the presence of abusive behavior that violates common trial terms, such as repeated trial signup or missed cancellations, with 90% accuracy.",https://stripe.com/blog/how-stripe-radar-helps-prevent-free-trial-abuse,stripe.com,how stripe radar helps prevent free trial abuse,how stripe radar helps prevent free trial abuse radar now helps prevent free trial abuse just one click when enabled radar predicts presence abusive behavior that violates common trial terms such as repeated trial signup or missed cancellations 90 accuracy,0.88,463,[],[],1.88,37.6,too few fintech/product signals,False,other
rss-stripe-blog-7,Three of the biggest fraud trends from MRC Vegas 2026,https://stripe.com/blog/three-fraud-trends-from-mrc-vegas-2026,Stripe Blog,2026-03-20,"The most sophisticated fraud teams are shifting from one-size-fits-all fraud approaches to more dynamic, tailored interventions. They are removing friction for trusted users, embedding fraud detection directly into agentic transactions, and investing in multilayered identity verification to combat deepfakes.","The most sophisticated fraud teams are shifting from one-size-fits-all fraud approaches to more dynamic, tailored interventions. They are removing friction for trusted users, embedding fraud detection directly into agentic transactions, and investing in multilayered identity verification to combat deepfakes.",https://stripe.com/blog/three-fraud-trends-from-mrc-vegas-2026,stripe.com,three biggest fraud trends from mrc vegas 2026,three biggest fraud trends from mrc vegas 2026 most sophisticated fraud teams are shifting from one size fits all fraud approaches more dynamic tailored interventions they are removing friction trusted users embedding fraud detection directly into agentic transactions investing multilayered identity verification combat deepfakes,0.88,619,"['ai', 'fraud', 'identity']",[],3.53,70.6,,True,fraud_risk
rss-stripe-blog-8,Testing the impact of Adaptive Pricing across 1.5M subscription checkout sessions,https://stripe.com/blog/adaptive-pricing-for-subscriptions,Stripe Blog,2026-03-19,"Adaptive Pricing is now available for subscriptions, allowing businesses to automatically localize prices in 150+ countries while Stripe handles currency conversion. In an A/B test across 1.5 million subscription checkouts, businesses saw 4.7% higher conversion and 5.4% higher LTV per session, on average.","Adaptive Pricing is now available for subscriptions, allowing businesses to automatically localize prices in 150+ countries while Stripe handles currency conversion. In an A/B test across 1.5 million subscription checkouts, businesses saw 4.7% higher conversion and 5.4% higher LTV per session, on average.",https://stripe.com/blog/adaptive-pricing-for-subscriptions,stripe.com,testing impact adaptive pricing across 1 5m subscription checkout sessions,testing impact adaptive pricing across 1 5m subscription checkout sessions adaptive pricing is now available subscriptions allowing businesses automatically localize prices 150 countries while stripe handles currency conversion b test across 1 5 million subscription checkouts businesses saw 4 7 higher conversion 5 4 higher ltv per session average,0.88,613,"['ai', 'checkout']",[],2.98,59.6,,True,payments
rss-stripe-blog-9,Introducing the Machine Payments Protocol,https://stripe.com/blog/machine-payments-protocol,Stripe Blog,2026-03-18,"We’re launching the Machine Payments Protocol (MPP), an open standard, internet-native way for agents to pay—co-authored by Tempo and Stripe. Businesses on Stripe can accept payments over MPP in a few lines of code using our PaymentIntents API.","We’re launching the Machine Payments Protocol (MPP), an open standard, internet-native way for agents to pay—co-authored by Tempo and Stripe. Businesses on Stripe can accept payments over MPP in a few lines of code using our PaymentIntents API.",https://stripe.com/blog/machine-payments-protocol,stripe.com,introducing machine payments protocol,introducing machine payments protocol we re launching machine payments protocol mpp open standard internet native way agents pay co authored tempo stripe businesses stripe can accept payments over mpp few lines code using our paymentintents api,0.88,489,"['payment', 'payments']",[],2.98,59.6,,True,payments
rss-stripe-blog-10,10 things we learned building for the first generation of agentic commerce,https://stripe.com/blog/10-lessons,Stripe Blog,2026-03-12,"A future where we buy with AI agents feels inevitable. Making it actually work is harder. These lessons from the first wave of agentic commerce are meant to help sellers decide what to tackle, avoid common bottlenecks, and get ahead of what’s coming.","A future where we buy with AI agents feels inevitable. Making it actually work is harder. These lessons from the first wave of agentic commerce are meant to help sellers decide what to tackle, avoid common bottlenecks, and get ahead of what’s coming.",https://stripe.com/blog/10-lessons,stripe.com,10 things we learned building first generation agentic commerce,10 things we learned building first generation agentic commerce future where we buy ai agents feels inevitable making it actually work is harder these lessons from first wave agentic commerce are meant help sellers decide what tackle avoid common bottlenecks get ahead what s coming,0.88,501,['ai'],[],2.43,48.6,,True,fraud_risk
